Area;Perimeter;Glacier;Annee;Massif;MEAN_Pixel;MIN_Pixel;MAX_Pixel;MEDIAN_Pix;Length;Aspect;x_coord;y_coord;GLIMS_ID;Massif_SAFRAN;Aspect_num
0.3605;6.6576;du Ruan;2015;Aiguilles Rouges;2571.598131;2421;2799;2562;801.66739;W;6.890351015;46.11999688;G006889E46119N;1;270
0.0203;0.8238;du Prazon_2;2015;Aiguilles Rouges;2752.909091;2715;2779;2758;114.11991;WNW;6.891961086;46.11348089;G006887E46108N;1;270
0.5515;7.0119;du Prazon_1;2015;Aiguilles Rouges;2667.984756;2491;2882;2659;727.76858;WNW;6.886736058;46.1051421;G006887E46108N;1;270
0.0116;0.68;du Prazon_4;2015;Aiguilles Rouges;2862.8;2851;2876;2861;162.45856;WNW;6.876892764;46.09842934;G006887E46108N;1;270
0.0452;1.18;du Prazon_3;2015;Aiguilles Rouges;2874.56;2838;2901;2877;243.37127;WNW;6.884132477;46.09724962;G006887E46108N;1;270
0.0744;2.526;de Tre les Eaux;2015;Aiguilles Rouges;2426.522124;2300;2547;2427;775.6156;ENE;6.860462109;46.03023391;G006862E46029N;1;90
0.0077;0.6367;des Beaux;2015;Aiguilles Rouges;2813.2;2797;2822;2817;137.5421;WNW;6.84520592;46.02034636;G006847E46024N;1;270
0.0047;0.3679;du Folly;2015;Aiguilles Rouges;2576.666667;2568;2587;2575;66.48912;NNE;6.814561726;46.10266012;G006822E46105N;1;0
0.0135;0.6736;du Prazon_5;2015;Aiguilles Rouges;2878.166667;2848;2903;2878;204.08231;WNW;6.879792855;46.09673765;G006887E46108N;1;270
0.0537;1.2356;de Beugeant_2;2015;Aiguilles Rouges;2688.9375;2572;2823;2683.5;312.70471;NW;6.892034331;45.99646698;G006887E45995N;3;315
0.0548;1.8227;de Beugeant_1;2015;Aiguilles Rouges;2689.117647;2526;2800;2695.5;501.82377;NW;6.886745501;45.99504211;G006887E45995N;3;315
0.0904;2.0185;d'Anneuley;2015;Aiguilles Rouges;2593.517857;2459;2708;2598;455.16177;NNW;6.879829321;45.99291111;G006880E45993N;3;0
0.0984;2.3125;du Berard;2015;Aiguilles Rouges;2563.786164;2422;2704;2563;789.3548;NNE;6.872069825;45.9914431;G006865E45990N;3;0
0.0032;0.5191;du Mort;2015;Aiguilles Rouges;2725.721296;2696;2771;2725;156.87823;NNE;6.865047165;45.98990209;G006865E45990N;3;0
0.0128;0.6982;du Belvedere_2;2015;Aiguilles Rouges;2613.777778;2600;2631;2616;69.02867;E;6.87724892;45.98621955;G006877E45985N;3;90
0.0262;0.9757;du Belvedere_1;2015;Aiguilles Rouges;2712.5625;2670;2763;2713.5;254.31922;E;6.875750975;45.98340866;G006877E45985N;3;90
0.0909;1.9886;de la Floria;2015;Aiguilles Rouges;2562.875862;2458;2675;2558;504.8158;WNW;6.862968052;45.97508779;G006871E45984N;3;270
0.0113;0.6824;Passon;2015;Mont Blanc;2940.571429;2863;3027;2932;241.58279;WSW;6.988045853;45.97283757;G006986E45973N;3;270
0.0425;1.285;Adams Reilly;2015;Mont Blanc;3149.458333;3019;3282;3148.5;294.33957;W;6.992886268;45.96930669;G006990E45969N;3;270
6.5961;33.7416;Tour;2015;Mont Blanc;3005.659011;2413;3539;2995;4532.73572;NW;6.996872584;45.98340017;G006988E45987N;3;315
0.0415;1.4293;Trident;2015;Mont Blanc;3048.230769;2951;3151;3041.5;303.35558;SSW;6.994937679;45.96436693;G006994E45965N;3;180
0.7203;7.1752;du Chardonnet;2015;Mont Blanc;3195.355353;2845;3626;3192;1497.33231;W;7.00599603;45.96148633;G007003E45960N;3;270
0.3528;7.1258;du Milieu;2015;Mont Blanc;3314.063348;2868;3881;3278;1851.10006;SW;7.010608292;45.95516952;G007008E45954N;3;225
0.0072;0.4122;de la Pendant 2;2015;Mont Blanc;2777;2762;2791;2777.5;110.34289;NW;6.947598316;45.94871353;G006952E45951N;3;315
0.2465;4.0854;de la Pendant 1;2015;Mont Blanc;2941.986755;2720;3233;2911;1016.8082;NW;6.954655802;45.94936722;G006952E45951N;3;315
1.1944;11.6362;des Amethystes;2015;Mont Blanc;3205.267663;2635;3601;3273;3084.8895;NW;7.02302744;45.95037992;G006985E45951N;3;315
0.572;6.8851;du Nant Blanc;2015;Mont Blanc;2819.311978;2412;3240;2861;1654.32039;WNW;6.954212312;45.93890781;G006951E45939N;3;270
1.0173;14.2533;du Tour Noir;2015;Mont Blanc;3169.674679;2795;3667;3150.5;1870.08341;NW;7.028630457;45.94251854;G006985E45951N;3;315
0.3166;4.476;de la Charpoua;2015;Mont Blanc;2994.896373;2615;3483;3032;1200.84323;WSW;6.958331031;45.92777138;G006955E45927N;3;270
0.0142;0.607;du Moine;2015;Mont Blanc;2858.333333;2819;2891;2853;122.94752;SSE;6.961688994;45.91259537;G006961E45912N;3;180
0.137;2.8523;de Trelaporte;2015;Mont Blanc;2566.940476;2496;2621;2570;357.21222;E;6.92707595;45.90387124;G006928E45905N;3;90
0.3787;6.4088;des Nantillons;2015;Mont Blanc;2716.948276;2459;3008;2718.5;1313.30989;NNW;6.912558285;45.90508087;G006912E45907N;3;0
0.3679;3.8779;de Blaitiere;2015;Mont Blanc;2575.825328;2423;2761;2560;930.51916;NW;6.902651831;45.90059188;G006901E45901N;3;315
6.6518;44.5737;de Talefre;2015;Mont Blanc;2998.272771;2499;3724;3009.5;4625.77008;WSW;6.988770455;45.91560942;G006992E45913N;3;270
0.0381;1.036;d'Envers de Blaitiere 2;2015;Mont Blanc;2530.173913;2472;2607;2524;207.87167;NW;6.923628926;45.898465;G006901E45901N;3;315
0.0206;0.6832;du Fou;2015;Mont Blanc;2693;2662;2739;2689;181.07905;NW;6.90916811;45.89704902;G006909E45897N;3;315
0.0435;1.5425;du Plan;2015;Mont Blanc;2764.714286;2687;2865;2745;534.66667;NW;6.906471152;45.8941829;G006906E45895N;3;315
0.2971;5.2566;de Pierre Joseph;2015;Mont Blanc;3127.950549;2895;3361;3134.5;836.42937;W;6.99599164;45.89564334;G006994E45896N;3;270
0.5265;6.0365;d'Envers de Blaitiere 1;2015;Mont Blanc;2704.580745;2452;3007;2700.5;1428.50695;NW;6.919903196;45.89318997;G006901E45901N;3;315
0.6753;6.3969;des Pelerins;2015;Mont Blanc;2519.054762;2278;2903;2495;1781.92442;NW;6.891522257;45.89114194;G006889E45892N;3;315
0.0323;1.1116;Mer de Glace 2;2015;Mont Blanc;2882.428571;2596;2772;2690;360.66272;NW;6.923988705;45.88663493;G006977E45894N;3;315
0.012;0.5168;Mer de Glace 4;2015;Mont Blanc;3159;3134;3183;3155.5;149.12341;NW;7.002333749;45.88748658;G006977E45894N;3;315
0.1009;2.3047;du Telepherique;2015;Mont Blanc;2681.390625;2598;2794;2673.5;365.48537;NNW;6.880698585;45.885171;G006880E45886N;3;0
0.1108;2.0923;du Capucin;2015;Mont Blanc;2874.739726;2646;3165;2870;674.85768;NE;6.968577821;45.88752224;G006969E45888N;3;45
0.0616;1.8483;de l'Aiguille du Tacul;2015;Mont Blanc;2983.473684;2874;3066;2992;382.94814;NW;6.960525037;45.88663622;G006960E45887N;3;315
0.0228;0.8054;Mer de Glace 3;2015;Mont Blanc;3166.846154;3106;3244;3158;211.50775;NW;6.998854636;45.88330355;G006977E45894N;3;315
0.0927;1.4348;Rond;2015;Mont Blanc;2751.618182;2679;2821;2749;371.31248;WNW;6.875947325;45.87953439;G006875E45880N;3;270
0.0579;1.7751;Ouest de l'Aiguille du Midi;2015;Mont Blanc;2738.552632;2662;2837;2737;522.66965;WNW;6.8822578;45.87679783;G006882E45877N;3;270
0.0438;1.702;du Bourgeat 1;2015;Mont Blanc;2986.571429;2820;3178;2968.5;564.77927;NNW;6.830501817;45.86116825;G006831E45863N;3;0
0.1996;2.3428;de la Griaz 1;2015;Mont Blanc;2992.701613;2783;3199;2998;769.60019;NW;6.823051549;45.86037628;G006823E45859N;3;315
0.0702;1.5098;de Tete Rousse;2015;Mont Blanc;3201;3116;3284;3196;553.82758;W;6.820729548;45.85609659;G006819E45856N;3;270
0.023;1.5066;de la Griaz 3;2015;Mont Blanc;3411.846154;3304;3628;3400;568.34296;NW;6.826216639;45.85596389;G006823E45859N;3;315
0.0452;2.1374;du Tricot;2015;Mont Blanc;2942.678571;2786;3052;2951.5;529.08669;W;6.799779714;45.83790541;G006799E45837N;3;270
1.0967;10.6455;de Miage;2015;Mont Blanc;2762.611765;2376;3678;2634.5;2749.23381;W;6.799984938;45.82799989;G006799E45827N;3;270
0.0505;1.5646;du Paturage des Miages;2015;Mont Blanc;2642.28125;2535;2737;2643.5;436.23802;WNW;6.784588005;45.82269304;G006785E45822N;3;270
0.1075;3.7027;du Col des Miages 2;2015;Mont Blanc;3174.449275;2868;3598;3134;891.07306;N;6.791306394;45.81734206;G006799E45819N;3;0
0.3091;6.2352;de Covagnet;2015;Mont Blanc;2991.349727;2627;3377;3003;1057.32239;NW;6.782911193;45.81549119;G006783E45817N;3;315
0.0929;3.4846;de la Berangere;2015;Mont Blanc;3208.305085;3091;3360;3193;554.06922;SSW;6.777570833;45.79911964;G006776E45799N;3;180
0.0062;0.4449;de Tre la Tete 2;2015;Mont Blanc;3492.5;3450;3526;3497;146.67302;WSW;6.803812164;45.79207277;G006784E45784N;3;270
0.0245;0.8657;de Tre la Tete 3;2015;Mont Blanc;3194.866667;3125;3273;3194;156.52436;WSW;6.799304378;45.79162686;G006784E45784N;3;270
0.0276;1.1616;de la Pyramide Chaplan;2015;Mont Blanc;2937;2884;2980;2932.5;289.65075;NNW;6.755150131;45.77038516;G006755E45771N;3;0
0.2516;4.1377;du Mont Tondu;2015;Mont Blanc;2840.555556;2654;3088;2822;1260.58495;NE;6.761371682;45.77099859;G006762E45772N;3;45
0.299;3.7226;Tour 1;2015;Mont Blanc;3049.308108;2773;3430;3082;1439.51683;NW;7.002341301;45.99649412;G006988E45987N;3;315
7.39;59.614;de Tre la Tete 1;2015;Mont Blanc;2961.664305;2015;3862;3010;7504.53162;WSW;6.788449586;45.79351082;G006784E45784N;3;270
28.869;135.51;Mer de Glace 1;2015;Mont Blanc;2868.590752;1551;4016;2992;13115.45043;NW;6.933983033;45.87542493;G006934E45883N;3;315
0.4933;5.7558;du Col des Miages 1;2015;Mont Blanc;3307.605263;2773;3683;3309.5;879.00398;N;6.801490087;45.81892672;G006799E45819N;3;0
3.757;29.3214;de Bionnassay;2015;Mont Blanc;3093.725945;1760;4258;3028.5;5586.08734;NW;6.814408938;45.8453909;G006811E45849N;3;315
10.609;53.4689;des Bossons;2015;Mont Blanc;3589.751139;1677;4812;3838;4079.08581;NNW;6.86616091;45.8563705;G006865E45868N;3;0
4.2993;22.8775;de Taconnaz;2015;Mont Blanc;3371.805993;2108;4311;3441;4079.08581;NNW;6.845956168;45.85861864;G006844E45863N;3;0
0.2999;6.5268;de l'Arete de l'Aiguille du Midi;2015;Mont Blanc;3012.956989;2865;3106;3027;442.02888;NNW;6.894053083;45.88229766;G006888E45882N;3;0
0.5957;7.2713;d'Armancette;2015;Mont Blanc;3279.931624;2757;3674;3284;1794.44061;W;6.781451927;45.80867852;G006778E45809N;3;270
0.004;0.2561;de la Republique;2015;Mont Blanc;2754.5;2746;2763;2754.5;68.30279;NE;6.919755848;45.90623591;G006919E45906N;3;45
0.0453;1.2503;de la Thendia;2015;Mont Blanc;2587.766667;2472;2696;2587;328.61429;NNE;6.922819496;45.90979083;G006924E45911N;3;0
0.152;2.3216;de Lognan;2015;Mont Blanc;2858.189474;2643;3028;2856;896.89221;NNW;6.957931518;45.95322898;G006957E45955N;3;0
0.1028;1.7408;des Grands Montets;2015;Mont Blanc;3200.403226;3100;3259;3212.5;358.76945;W;6.960904081;45.94565716;G006955E45946N;3;270
0.1046;2.8074;des Drus;2015;Mont Blanc;2533.888889;2395;2724;2518;955.93104;WNW;6.945878899;45.93219082;G006947E45933N;3;270
0.0946;1.7186;de l'Aiguille de l'Eboulement;2015;Mont Blanc;3445;3267;3522;3459;350.39478;NW;7.001656436;45.89451598;G007000E45895N;3;315
0.099;1.5439;de la Griaz 2;2015;Mont Blanc;2899.825397;2822;3051;2883;419.60103;NW;6.816978729;45.85999849;G006823E45859N;3;315
10.0726;504778;d'Argentiere;2015;Mont Blanc;2808.363893;1633;4093;2820;4566164;NW;6.996976498;45.94140032;G006985E45951N;3;315
0.0461;0.9995;de la Petite Aiguille des glaciers;2015;Mont Blanc;3341.785714;3270;3388;3353;258.01522;SSE;6.804703651;45.76961173;G006804E45769N;6;180
1.188;10.6606;des Glaciers;2015;Mont Blanc;3194.178273;2751;3682;3175;2081.51777;SSW;6.795487716;45.77139236;G006794E45769N;6;180
0.205;3.5555;des Lanchettes;2015;Mont Blanc;2671.296875;2559;2760;2680;614.84173;SSE;6.762473878;45.76489553;G006764E45765N;6;180
0.0307;1.3238;d'Enclave;2015;Mont Blanc;2838.166667;2764;2909;2831;265.37995;SSE;6.754126357;45.76017516;G006753E45760N;6;180
0.0133;0.6;du Grand 2;2015;Haute Vallee de l'Isere;2957.5;2908;3017;2954;190.55659;WNW;6.980944364;45.63766724;G006985E45642N;6;270
0.0564;1.4;de l'Invernet 2;2015;Haute Vallee de l'Isere;3252.066667;3161;3309;3256.5;355.51588;WNW;6.995919769;45.63158563;G006986E45634N;6;270
0.5912;10.3491;de l'Invernet 1;2015;Haute Vallee de l'Isere;2900.802778;2602;3264;2904;2175.3077;WNW;6.990271225;45.63487496;G006986E45634N;6;270
0.0154;0.6891;de l'Invernet 3;2015;Haute Vallee de l'Isere;3093.545455;3046;3125;3097;218.77524;WNW;6.987566811;45.62721448;G006986E45634N;6;270
0.0102;0.62;d'Archeboc;2015;Haute Vallee de l'Isere;3152;3142;3159;3154;126.39253;SW;6.98319113;45.57960592;G006985E45580N;6;225
0.0932;1.7583;du Varet;2015;Haute Vallee de l'Isere;3019.559322;2903;3116;3032;528.86787;N;6.849322705;45.55531156;G006849E45556N;6;0
0.7193;4.9444;Inferieur des Balmes;2015;Haute Vallee de l'Isere;2476.04;2374;2783;2447;1288.43916;NNW;6.974455453;45.54834339;G006972E45549N;6;0
0.0096;0.4876;du Grand Col 2_2;2015;Haute Vallee de l'Isere;3193.833333;3159;3232;3193;123.36579;NNE;6.860757866;45.53684988;G006851E45543N;6;0
0.238;3.1464;de Turia;2015;Haute Vallee de l'Isere;2859.818792;2687;3092;2847;942.92159;N;6.864684523;45.54048149;G006865E45542N;6;0
0.0231;0.867;du Grand Col 2_1;2015;Haute Vallee de l'Isere;3418.230769;3401;3447;3416;196.34402;NNE;6.858029513;45.53544667;G006851E45543N;6;0
0.2466;4.577;du Grand Col 1;2015;Haute Vallee de l'Isere;3172.379085;2998;3406;3150;680.70935;NNE;6.851584986;45.53733932;G006851E45543N;6;0
0.608;5.7249;Nord de la Gurraz;2015;Haute Vallee de l'Isere;3044.081081;2656;3390;3041;1949.45518;ENE;6.870209131;45.5345396;G006872E45535N;6;90
0.4191;4.7337;du Geay;2015;Haute Vallee de l'Isere;3324.325301;2925;3720;3334;1340.30464;W;6.854025846;45.53132528;G006850E45532N;6;270
0.0224;0.6839;du Carro;2015;Haute Vallee de l'Isere;2892.733333;2847;2957;2884;204.20266;SW;6.856445595;45.52104237;G006854E45521N;6;225
0.0293;0.9174;du Pretre;2015;Haute Vallee de l'Isere;3355.166667;3286;3468;3337.5;285.18452;W;6.864560086;45.51694861;G006864E45518N;6;270
0.0097;0.6936;de l'Inverneau 2;2015;Haute Vallee de l'Isere;2591.5;2555;2641;2589;221.35767;ENE;6.889700792;45.51588329;G006888E45514N;6;90
1.583;10.2692;de la Gurraz;2015;Haute Vallee de l'Isere;3099.925926;2481;3563;3094;2801.79007;NE;6.872276039;45.52580102;G006874E45531N;6;45
0.1105;3.479;de l'Inverneau 1;2015;Haute Vallee de l'Isere;2904.921875;2806;2989;2903.5;497.53655;ENE;6.887325057;45.51131725;G006888E45514N;6;90
0.3322;4.2166;de la Martin;2015;Haute Vallee de l'Isere;3026.112821;2708;3380;3027;1276.63442;NE;6.8818951;45.51535517;G006883E45518N;6;45
0.3357;4.7401;des Platieres;2015;Haute Vallee de l'Isere;3162.99005;2896;3482;3146;878.46351;NW;6.862555795;45.51137276;G006857E45512N;6;315
0.1267;2.0772;Suspendu ou de la Sache;2015;Ecrins;3263.105263;3153;3353;3261;383.2468;NNE;6.869404572;45.50734802;G006223E44966N;6;0
0.6644;5.8275;du Fond;2015;Haute Vallee de l'Isere;3229.065327;2933;3614;3190;1700.45427;NW;6.996283433;45.51752283;G006993E45521N;6;315
0.1683;3.5236;de Rhemes Golette 3;2015;Haute Vallee de l'Isere;3087.828283;2915;3206;3100;862.22758;NNW;7.045697677;45.48603762;G007045E45487N;6;0
0.0162;0.6513;de Rhemes Golette 2;2015;Haute Vallee de l'Isere;3372;3340;3407;3371;162.76635;NNW;7.045336929;45.48114533;G007045E45487N;6;0
0.081;2.2482;du Santel;2015;Haute Vallee de l'Isere;3118.230769;3000;3270;3106.5;762.75455;NW;7.035546644;45.47918484;G007035E45480N;6;315
0.0583;3.4112;du Couart Dessus;2015;Haute Vallee de l'Isere;3263.805556;3114;3432;3267;755.34185;S;7.042556834;45.47580723;G007042E45475N;6;180
0.0653;1.8836;de Bazel 2;2015;Haute Vallee de l'Isere;3350.075;3303;3411;3347.5;603.90982;SW;7.056070095;45.47106295;G007056E45469N;6;225
0.0289;1.3268;de Bazel 1;2015;Haute Vallee de l'Isere;3147.470588;3068;3247;3141;322.28544;SW;7.055494739;45.4687188;G007056E45469N;6;225
0.0055;0.3529;de Pramecou 1_3;2015;Vanoise;2896.25;2881;2912;2896;95.02907;NW;6.882169796;45.43414358;G006870E45430N;6;315
0.0027;0.2987;du Grand Vallon;2015;Vanoise;3141.5;3130;3153;3141.5;53.76499;NNE;7.046137807;45.43382316;G006886E45334N;6;0
0.0232;1.2456;du Pers 2_2;2015;Haute Vallee de l'Isere;3171.666667;3047;3273;3175.5;225.87863;NNE;7.065392209;45.43019458;G007065E45432N;6;0
0.2584;3.8944;du Grand Pisaillas 1;2015;Haute Maurienne;3160.912752;3053;3244;3168;725.30387;WNW;7.064712928;45.42440032;G007062E45426N;6;270
3.1526;20.1183;de la Grande Motte;2015;Vanoise;3025.985082;2661;3634;2965;3437.85958;NNW;6.881090788;45.42057731;G006881E45423N;6;0
0.0197;0.7161;des Brames de l'Ours 2;2015;Vanoise;2954.076923;2907;3006;2946;224.24539;NE;6.93926602;45.38593227;G006922E45391N;6;45
0.0202;0.82;de la Leisse 2;2015;Vanoise;3085.666667;3054;3125;3083;144.58092;NW;6.913194496;45.38640341;G006910E45386N;6;315
0.0671;1.2719;des Brames de l'Ours 1;2015;Vanoise;3012.238095;2961;3084;3006.5;332.76721;NE;6.92700345;45.38568214;G006922E45391N;6;45
0.0158;0.6632;des Fours 3;2015;Vanoise;2821;2808;2836;2822;139.6064;N;6.989294808;45.37349263;G006990E45372N;6;0
0.0668;2.3946;des Fours 1;2015;Vanoise;3147.02381;2994;3270;3155.5;445.15547;N;6.99487624;45.36892268;G006990E45372N;6;0
0.102;2.4296;des Fours 2;2015;Vanoise;3052.864407;2870;3202;3101;651.9965;N;6.98659458;45.36998024;G006990E45372N;6;0
0.3288;3.1915;des Roches;2015;Vanoise;3054.355769;2899;3201;3059;920.74734;ENE;7.004148609;45.3683769;G007005E45370N;6;90
0.006;0.358;des Roches Blanches 3;2015;Vanoise;3008.5;2999;3019;3008;77.78629;NW;6.979867614;45.36340878;G006979E45363N;6;315
0.1736;3.4071;des Roches Blanches 1;2015;Vanoise;3096.699029;3014;3166;3094;700.86071;NW;6.982844873;45.36254975;G006979E45363N;6;315
0.0091;0.5122;des Roches Blanches 2;2015;Vanoise;3050.166667;3038;3064;3047;130.75803;NW;6.977465198;45.36037898;G006979E45363N;6;315
0.1312;2.7213;de Mean Martin 1;2015;Vanoise;3012.468354;2839;3179;3025;800.20155;NE;6.98042656;45.34505408;G006980E45346N;6;45
0.1718;2.5131;de Grefet 1-2;2015;Vanoise;3014.679245;2933;3164;3011;740.61745;NNW;6.963924805;45.34427175;G006956E45344N;6;0
0.1175;2.4696;de Mean Martin 2;2015;Vanoise;3122.797101;3010;3255;3093;642.78244;NE;6.973825776;45.3441148;G006980E45346N;6;45
0.1589;2.3665;de Grefet 1-1;2015;Vanoise;3134.755102;2982;3273;3146;661.6126;NNW;6.956485906;45.34172293;G006956E45344N;6;0
0.1946;4.2729;du Vallonbrun 1;2015;Vanoise;3132.96748;2908;3477;3075;1050.84958;NW;6.951489725;45.33560899;G006948E45337N;6;315
1.8769;10.9405;du Vallonnet;2015;Vanoise;3282.271616;3019;3498;3286;1798.92481;NNE;6.909524973;45.33308978;G006904E45335N;6;0
0.0426;1.3631;de Rhemes - Calabre;2015;Haute Vallee de l'Isere;3016.137931;2949;3061;3024;486.65428;SSE;7.068044031;45.47261758;G007068E45470N;6;180
0.586;4.3048;de Rhemes Golette 1;2015;Haute Vallee de l'Isere;3057.906077;2901;3217;3075;1417.30746;NNW;7.050511917;45.49219702;G007045E45487N;6;0
1.8699;8.814;de la Sassiere;2015;Haute Vallee de l'Isere;3258.275556;2852;3621;3274;2105.89748;NW;6.988557456;45.5106147;G006988E45515N;6;315
0.0196;0.7116;des Fours 4;2015;Vanoise;2824.5;2809;2844;2822.5;159.80413;N;6.993346298;45.37313936;G006990E45372N;6;0
0.001;0.1719;de Grefet 2;2015;Vanoise;2951.421393;2944;2952;2948.5;32.05328;NNW;6.949061718;45.34409706;G006956E45344N;6;0
0.0047;0.3152;de Mean Martin 3;2015;Vanoise;3152;3142;3169;3145;60.61396;NE;6.976711063;45.34284514;G006980E45346N;6;45
0.0064;0.4182;de Mean Martin 4;2015;Vanoise;2949.5;2941;2957;2950;122.39362;NE;6.975110249;45.35105132;G006980E45346N;6;45
0.2167;2.2885;du Vallonbrun 2;2015;Vanoise;2835.740741;2750;2967;2833;808.02583;NW;6.937932897;45.3358091;G006948E45337N;6;315
0.0011;0.162;du Col Pers;2015;Haute Vallee de l'Isere;2940.5;2936;2945;2940.5;40.70653;NNW;7.051871178;45.43175508;G007059E45434N;6;0
0.4006;6.3736;du Grand 1;2015;Haute Vallee de l'Isere;3038.648889;2841;3204;3055;993.28867;WNW;6.986108785;45.64096833;G006985E45642N;6;270
1.6018;10.8911;Superieur des Balmes;2015;Haute Vallee de l'Isere;3313.780765;2854;3547;3335;1685.51462;NNW;6.986029016;45.53806824;G006985E45538N;6;0
0.0468;1.4317;de l'Argentiere;2015;Haute Vallee de l'Isere;2910.233333;2867;2998;2903.5;512.6517;SW;6.974807286;45.58190699;G006974E45585N;6;225
0.7574;7.2761;de la Savinaz;2015;Haute Vallee de l'Isere;3270.540839;2598;3556;3342;1857.63396;NE;6.87555174;45.51601365;G006883E45518N;6;45
0.0094;0.7596;de Pramecou 1_4;2015;Vanoise;2840;2798;2879;2829;263.11447;NW;6.883724956;45.43490617;G006870E45430N;6;315
0.003;0.2785;Gros Glacier 2;2015;Vanoise;3289;3288;3290;3289;64.32662;NNE;6.794216343;45.49234161;G006791E45494N;10;0
0.0313;1.3686;Gros Glacier 1;2015;Vanoise;3211.833333;3097;3310;3213;448.01553;NNE;6.791612581;45.49352646;G006791E45494N;10;0
0.1368;2.273;des Picheres;2015;Vanoise;3200.023256;3092;3298;3209;533.0559;ENE;6.802379515;45.49150082;G006803E45493N;10;90
0.0124;0.64;du Midi de Bellecote;2015;Vanoise;3001.6;2973;3037;3000;196.97789;SE;6.797388356;45.48946139;G006796E45487N;10;135
0.1241;2.6713;de la Chiaupe;2015;Vanoise;3097.493827;3028;3213;3097;599.58205;WNW;6.777126016;45.48925913;G006776E45488N;10;270
0.3172;4.3825;du Cul du Nant;2015;Vanoise;3166.742105;3005;3353;3133.5;1028.71996;SE;6.784763531;45.48785505;G006784E45487N;10;135
0.0615;1.8529;de Becca Motta;2015;Vanoise;2830.925;2752;2910;2826.5;237.39315;NNE;6.754554599;45.43092316;G006754E45431N;10;0
0.0203;0.8751;de Pramecou 1_2;2015;Vanoise;2998.769231;2976;3029;2998;221.00651;NW;6.87947537;45.43177649;G006870E45430N;10;315
0.0109;0.5751;de Pramecou 1_1;2015;Vanoise;3020.666667;3010;3036;3021;126.98818;NW;6.877692751;45.43031379;G006870E45430N;10;315
0.0579;1.64;de Pramecou 3;2015;Vanoise;2938.25;2806;3012;2942;500.22737;NW;6.8727506;45.43031448;G006870E45430N;10;315
0.2213;4.6172;de Troquairou;2015;Vanoise;3056.634921;2698;3241;3100;1270.6039;NE;6.757354936;45.42537926;G006758E45427N;10;45
0.0062;0.46;des Volnets 3;2015;Vanoise;2675;2651;2687;2687;127.75141;NE;6.778646328;45.42153042;G006763E45424N;10;45
0.0825;3.1315;Nord de l'Epena;2015;Vanoise;2586.471698;2433;2795;2582;665.04237;N;6.808182314;45.41973938;G006809E45420N;10;0
0.4525;3.88;des Volnets 1;2015;Vanoise;3070.76779;2853;3284;3073;1016.30364;NE;6.763214128;45.42158579;G006763E45424N;10;45
0.4083;5.4712;des Volnets 2;2015;Vanoise;2960.81893;2761;3192;2951;1020.42983;NE;6.771037083;45.42012008;G006763E45424N;10;45
0.1126;2.0873;Nord de la Gliere 2;2015;Vanoise;2776.514706;2661;2876;2781.5;412.51784;N;6.788781067;45.4170446;G006788E45418N;10;0
0.1782;2.8476;Nord de la Gliere 1;2015;Vanoise;2739.490741;2539;3042;2723;821.80829;N;6.797008246;45.41683449;G006797E45418N;10;0
0.125;2.5896;de la Roche du Tougne;2015;Vanoise;2936.285714;2772;3060;2935;734.36217;NE;6.782517612;45.4167682;G006782E45419N;10;45
0.2062;3.0646;de Premou 2;2015;Vanoise;3194.016807;2968;3436;3202;731.62073;NW;6.863075317;45.41357871;G006862E45413N;10;315
0.7166;6.5534;de la Grande Casse;2015;Vanoise;2825.633708;2597;3076;2835;2259.54968;SW;6.804863698;45.40847911;G006803E45409N;10;225
0.1169;2.5363;Sud de la Gliere;2015;Vanoise;3009.906667;2837;3133;3020;660.19492;WSW;6.790798729;45.41040906;G006790E45411N;10;270
0.5004;5.0923;de Premou 1;2015;Vanoise;3058.72093;2841;3285;3061;837.19804;NW;6.853652173;45.41210598;G006862E45413N;10;315
0.6218;7.5231;des Grands Couloirs;2015;Vanoise;3411.102151;2936;3777;3490.5;1463.47855;W;6.816495095;45.40187248;G006811E45402N;10;270
0.0911;2.0386;de la Leisse 1;2015;Vanoise;3189.867925;3123;3282;3185;358.80657;NW;6.90506923;45.38230979;G006910E45386N;10;315
0.1865;2.6526;de la Rechasse;2015;Vanoise;2988.857143;2929;3087;2987;410.44798;N;6.796246765;45.37516361;G006799E45376N;10;0
0.0099;0.5713;de l'Arcelin - Roche Ferran 2;2015;Vanoise;3028.833333;3023;3033;3030.5;114.86206;NNE;6.797839446;45.36923035;G006788E45366N;10;0
0.0208;1.0293;de l'Arcelin - Roche Ferran 2;2015;Vanoise;3063.090909;3051;3077;3062;139.46398;NNE;6.797162799;45.36636508;G006788E45366N;10;0
0.0051;0.3109;du Lac de la Roche Ferran;2015;Vanoise;2913.25;2907;2921;2912.5;91.0524;ESE;6.785166395;45.35838517;G006785E45359N;10;90
0.0307;0.9778;du Pelve 2;2015;Vanoise;3237.4;3192;3279;3238;214.43999;ENE;6.745927081;45.35088142;G006766E45335N;10;90
0.0086;0.5898;des Broes;2015;Vanoise;3016;2990;3058;3008;181.54897;N;6.909820852;45.34598327;G006910E45346N;10;0
0.0121;0.5683;Du Dome de Chasseforet 3;2015;Vanoise;3069.166667;3040;3090;3067.5;182.38037;ENE;6.774583542;45.33001122;G006766E45335N;10;90
0.0599;1.4465;Du Dome de Chasseforet 2;2015;Vanoise;3198.513514;3131;3261;3197;197.43347;ENE;6.771174523;45.33013787;G006766E45335N;10;90
0.0189;1.2781;du Grand Vallon;2015;Vanoise;3093.083333;3049;3197;3085.5;364.85242;NW;6.885137343;45.33104508;G006886E45334N;10;315
0.0512;1.3554;Du Dome de Chasseforet 4;2015;Vanoise;3091.030303;3035;3140;3089;282.81643;ENE;6.772774236;45.32805215;G006766E45335N;10;90
0.0875;2.0112;du Borgne;2015;Vanoise;2983.734694;2929;3048;2981;304.64677;N;6.610265541;45.30848093;G006609E45309N;10;0
1.3946;16.3987;du Genepy;2015;Vanoise;3211.433411;2838;3571;3224;1427.03096;NW;6.730951059;45.30963398;G006727E45309N;10;315
0.1246;2.54;de la Rosoire 2;2015;Vanoise;3151.056338;3062;3223;3151;431.6533;WNW;6.721865124;45.2958696;G006725E45299N;10;270
1.2258;6.226;des Sonnailles;2015;Vanoise;3427.647137;3232;3551;3435;2129.68695;N;6.744382233;45.33517096;G006747E45337N;10;0
0.0788;2.3793;de Labby 1 ou du Fond;2015;Vanoise;3163.958333;3118;3246;3161.5;438.38581;W;6.735146754;45.29110116;G006733E45291N;10;270
0.1224;2.2128;du Peclet 2;2015;Vanoise;3088.053333;2949;3290;3093;677.30558;NW;6.618590624;45.28876816;G006613E45285N;10;315
0.9306;8.2921;de la Mahure 1;2015;Vanoise;2985.315141;2662;3289;2973.5;2345.07412;E;6.748674528;45.29611832;G006745E45302N;10;90
0.2044;3.1261;de Belle Place;2015;Vanoise;3044.237705;2843;3178;3069;876.84239;NE;6.766110393;45.28884569;G006767E45290N;10;45
0.2284;4.8916;du Peclet 1 ou face Ouest;2015;Vanoise;3174.594406;2832;3497;3156;1378.79822;NW;6.616550468;45.28257384;G006618E45289N;10;315
0.0804;2.6994;de Polset 2;2015;Vanoise;3073.2;2974;3206;3066;638.22761;SE;6.646589632;45.27585395;G006647E45275N;10;135
0.0066;0.42;de Polset 3;2015;Vanoise;3281;3280;3282;3281;93.82558;SE;6.641115095;45.27333845;G006647E45275N;10;135
0.1985;3.8198;de la Masse;2015;Vanoise;2938.16;2790;3166;2919;419.90842;NNW;6.679566231;45.27249742;G006676E45274N;10;0
0.2652;3.2697;de Polset 1;2015;Vanoise;3232.185185;3105;3378;3233;1014.30263;SE;6.63211343;45.27142239;G006647E45275N;10;135
0.1063;2.1121;de Thorens;2015;Vanoise;3018.553846;2938;3106;3020;366.65722;NNW;6.607988661;45.2677616;G006606E45268N;10;0
1.2952;12.2029;de Chaviere 1_1;2015;Vanoise;3185.51871;2950;3450;3167;2452.26152;SSE;6.620448719;45.27114658;G006615E45266N;10;180
0.2299;3.7;du Bouchet;2015;Vanoise;3067.648855;2944;3274;3056;788.75764;NW;6.605630991;45.25950052;G006602E45262N;10;315
0.0271;0.8214;de Chaviere 2;2015;Vanoise;2963.357143;2940;2983;2963;179.6564;SSE;6.617731118;45.24933224;G006615E45266N;10;180
0.8413;6.9573;de Chaviere 1_2;2015;Vanoise;3035.818898;2853;3273;3024;1693.44271;SSE;6.612494345;45.25189502;G006615E45266N;10;180
0.0983;1.8497;de la Patinoire;2015;Vanoise;2535.216667;2509;2581;2532;289.3828;S;6.765139572;45.40746643;G006765E45407N;10;180
0.5196;5.7405;Du Dome de Chasseforet 1;2015;Vanoise;3318.24359;3103;3562;3326.5;1189.69193;ENE;6.764811946;45.33398661;G006766E45335N;10;90
1.1829;11.0594;de l'Epena;2015;Vanoise;2923.430986;2569;3673;2869;2343.60577;NNE;6.827711503;45.41304004;G006828E45414N;10;0
0.4993;3.5043;de Rosolin;2015;Vanoise;2821.76129;2700;3018;2807;1056.9535;NNE;6.841859801;45.41552747;G006843E45417N;10;0
3.1645;15.8007;de l'Arpont;2015;Vanoise;3291.921739;2738;3581;3338;2841.99896;ESE;6.752981315;45.32144196;G006756E45318N;10;90
2.6743;12.3823;du Pelve 1;2015;Vanoise;3232.531022;2754;3525;3253;3093.21578;ENE;6.75620236;45.3424762;G006766E45335N;10;90
1.3283;11.0227;du Grand Marchet;2015;Vanoise;3011.997522;2833;3229;2971;1633.4852;NW;6.760141537;45.35857484;G006765E45361N;10;315
2.9452;11.2555;de l'Arcellin - Roche Ferran 1;2015;Vanoise;3050.749035;2814;3223;3053;2799.38772;N;6.781959772;45.36757727;G006780E45369N;10;0
1.311;15.2942;de la Mahure 2;2015;Vanoise;3238.157161;2954;3450;3256;1114.61203;E;6.74046028;45.30289983;G006745E45302N;10;90
0.2431;3.3411;de la Rosoire 1;2015;Vanoise;3350.040816;3199;3446;3362;674.59489;WNW;6.727534105;45.29986933;G006725E45299N;10;270
0.0088;0.7177;de Pramecou 2;2015;Vanoise;3024.333333;3009;3039;3025;299.96452;NW;6.875722984;45.4339909;G006870E45430N;10;315
0.4726;4.0646;de Pramort ou de Rosolin derriere;2015;Vanoise;2513.857143;2334;2840;2469;1576.0399;NNW;6.856554557;45.42199995;G006858E45423N;10;0
0.043;1.0929;de Bellecote;2015;Vanoise;3049.464286;3011;3110;3050;348.88244;WNW;6.774591718;45.49518313;G006774E45495N;10;270
0;0.0134;de Labby 2 ou du Fong;2015;Vanoise;3100;3100;3100;3100;4.7164;W;6.735186568;45.285595;G006733E45291N;10;270
2.8701;20.6379;de Gebroulaz;2015;Vanoise;3022.778463;2603;3480;3016;4497.77755;N;6.631740529;45.28976706;G006629E45295N;10;0
0.003;0.2381;de Bonmartin;2015;Vanoise;3036;3030;3042;3036;85.06666;ENE;6.61609965;45.2423374;G006616E45243N;10;90
0.0231;1.1542;Ouest du Gleyzin 1;2015;Belledonne;2493.066667;2415;2602;2490;293.27943;NNE;6.139148147;45.30316747;G006145E45302N;8;0
0.0183;0.6729;de la Grande Valloire;2015;Belledonne;2630.909091;2603;2663;2629;215.69385;ESE;6.134143081;45.28104279;G006133E45281N;8;90
0.0278;1.0504;de la Combe Madame;2015;Belledonne;2583.722222;2501;2660;2588;329.13548;NNE;6.125858332;45.24572783;G006145E45302N;8;0
0.0198;0.8706;du Rocher Blanc;2015;Belledonne;2784.727273;2728;2816;2799;267.61408;NNE;6.113516292;45.24266529;G006145E45302N;8;0
0.0028;0.2375;du Rocher Blanc;2015;Belledonne;2809.333333;2805;2813;2810;50.26694;NNE;6.115220046;45.24204102;G006145E45302N;8;0
0.007;0.7224;de Balmette;2015;Belledonne;2605;2591;2616;2608;119.9089;NE;5.992462346;45.17364771;G005994E45174N;8;45
0.0069;0.9862;de la Sitre;2015;Belledonne;2614.75;2553;2687;2609.5;44.54323;NNE;5.956340318;45.172554;G006145E45302N;8;0
0.2435;2.4956;de Freydane;2015;Belledonne;2567.710526;2450;2760;2549.5;521.81683;NNE;5.985325464;45.1705839;G006145E45302N;8;0
0.0015;0.1596;Lamartine;2015;Belledonne;2612.469211;2574;2615;2597;41.25193;E;5.991144378;45.17564471;G005990E45176N;8;90
0.0036;0.2823;Ouest du Rocher Blanc;2015;Belledonne;2827.5;2822;2833;2827.5;75.03276;NNE;6.105624282;45.24263243;G006145E45302N;8;0
0.0092;0.7068;de l'Argentiere_2;2015;Belledonne;2726.6;2714;2732;2729;96.70367;N;6.13181402;45.24511046;G006134E45248N;8;0
0.0407;1.2845;de l'Argentiere;2015;Belledonne;2711.458333;2631;2780;2722.5;325.87331;N;6.134947547;45.24587018;G006134E45248N;8;0
0.0672;1.6615;du Bec d'Arguille;2015;Belledonne;2526;2381;2661;2547;533.6611;ENE;6.138036573;45.27261843;G006137E45273N;8;90
0.0088;0.7023;d'Arguille;2015;Belledonne;2777.2;2770;2783;2777;260.36131;NNE;6.127199191;45.27908417;G006145E45302N;8;0
0.0063;0.4348;du Gleyzin;2015;Belledonne;2737.25;2723;2761;2732.5;104.72932;NNE;6.142133398;45.30024593;G006145E45302N;8;0
0.0205;1.4404;du Gleyzin;2015;Belledonne;2583.266667;2521;2680;2581;226.54401;NNE;6.147227309;45.30244317;G006145E45302N;8;0
0.0215;1.3192;de Clarant;2015;Belledonne;2603.533333;2484;2658;2618;157.89123;ENE;6.157964334;45.30659759;G006158E45307N;8;90
0.0078;0.7204;Ouest du Gleyzin 2;2015;Belledonne;2667.75;2614;2709;2674;124.07765;NNE;6.133403692;45.30233915;G006145E45302N;8;0
0.0492;1.1402;de la Cochette;2015;Grandes Rousses;3038.516129;2933;3171;3040;340.80002;NNW;6.151579837;45.17041108;G006149E45171N;12;0
0.3405;3.2692;Nord de la Barbarate;2015;Grandes Rousses;3028.560748;2895;3203;3021;637.97763;NW;6.142818793;45.15917026;G006141E45161N;12;315
2.069;17.7762;Saint Sorlin;2015;Grandes Rousses;2922.27851;2674;3413;2893;2631.71657;NE;6.159785336;45.15974323;G006159E45160N;12;45
0.0427;1.9126;Sud de la Barbarate;2015;Grandes Rousses;3114.230769;3030;3160;3122;294.09853;WNW;6.13877814;45.15262452;G006137E45153N;12;270
0.0153;0.689;des Rousses;2015;Grandes Rousses;2784.6;2771;2806;2781;148.1681;NW;6.131746876;45.15020956;G006129E45141N;12;315
0.0125;0.6398;des Rousses;2015;Grandes Rousses;2970.2;2927;2998;2976;168.72756;NW;6.135703203;45.1496212;G006129E45141N;12;315
0.0067;0.5172;des Rousses;2015;Grandes Rousses;3023.333333;3002;3038;3030;75.37419;NW;6.134666919;45.147454;G006129E45141N;12;315
0.0115;0.514;des Rousses;2015;Grandes Rousses;3054.777778;2994;3101;3062;128.53865;NW;6.13317897;45.14492612;G006129E45141N;12;315
0.3539;6.1396;des Rousses;2015;Grandes Rousses;3035.611607;2818;3328;3042.5;903.9465;NW;6.129765278;45.14007424;G006129E45141N;12;315
0.0063;0.3787;des Rousses;2015;Grandes Rousses;2966;2944;2984;2968;99.93274;NW;6.123650163;45.13295038;G006129E45141N;12;315
0.0251;1.4047;des Rousses;2015;Grandes Rousses;3049.705882;2977;3114;3052;280.32262;NW;6.125924375;45.13203166;G006129E45141N;12;315
0.0043;0.3363;des Rousses;2015;Grandes Rousses;2896.5;2893;2900;2896.5;89.52769;NW;6.121010989;45.1303684;G006129E45141N;12;315
0.0061;0.4019;des Rousses;2015;Grandes Rousses;2902.666667;2885;2926;2901.5;138.62701;NW;6.122043779;45.12871524;G006129E45141N;12;315
0.0637;2.4267;de Gros Jean;2015;Arves;2937.113636;2762;3169;2908;779.02195;ESE;6.340456996;45.12320811;G006340E45124N;12;90
0.047;1.5839;Sarennes;2015;Grandes Rousses;2928.666667;2885;3027;2921;462.94258;SSW;6.132130041;45.11630653;G006129E45117N;12;180
0.0285;0.8168;Sarennes;2015;Grandes Rousses;2870;2854;2883;2871.5;166.85879;SSW;6.128221764;45.11564228;G006129E45117N;12;180
0.4692;5.8824;Lombard;2015;Arves;3151.329861;2986;3281;3162.5;1194.80864;ENE;6.321464713;45.10802182;G006322E45109N;12;90
0.0051;0.4113;de Cote Blanc;2015;Grandes Rousses;3113;3104;3119;3114.5;88.7927;NE;6.156266731;45.17001345;G006157E45173N;12;45
0.5284;9.0213;du Grand Sablat;2015;Grandes Rousses;3170.06135;2832;3378;3232.5;1434.38224;ESE;6.133544843;45.13134116;G006132E45128N;12;90
1.7607;15.6429;des Quirlies;2015;Grandes Rousses;2961.556974;2592;3364;2939;2311.32366;ENE;6.146946041;45.14205087;G006149E45143N;12;90
0.0206;0.6594;Glacier de Grand Amet;2015;Ecrins;2080.692308;2067;2092;2081;193.26453;NE;5.938277611;44.98825282;G005937E44988N;15;45
0.0282;0.8588;Glacier du Rochail ou de Villard Notre dame;2015;Ecrins;2863.933333;2823;2918;2867;225.17698;NNE;6.03317583;44.98189221;G006033E44983N;15;0
0.1499;2.2438;Glacier de la Casse deserte_1;2015;Ecrins;3302.48913;3116;3410;3304.5;641.93877;SE;6.33202897;44.96383258;G006332E44962N;15;135
0.0094;0.5374;Glacier de la Muzelle_2;2015;Ecrins;2976.714286;2940;3012;2984;153.71735;N;6.114277061;44.93918522;G006109E44936N;15;0
0.0358;1.1046;Glacier des Pisses;2015;Ecrins;2815.954545;2733;2917;2813;211.0813;NW;6.071989941;44.93872197;G006072E44940N;15;315
0.2403;3.8969;Glacier de la Muzelle_1;2015;Ecrins;3002.15894;2781;3168;3014;1198.94066;N;6.108863418;44.93632117;G006109E44936N;15;0
0.0192;0.8936;Glacier Ouest du Pierroux_2;2015;Ecrins;2871.076923;2819;2952;2864;248.88043;N;6.149057561;44.93014145;G006149E44931N;15;0
0.0192;0.876;Glacier de la Paroi du Pierrou_1;2015;Ecrins;2883.181818;2812;2946;2887;273.95984;NNE;6.159293378;44.93033006;G006159E44931N;15;0
0.1649;2.2662;Glacier du Pierroux (Centre);2015;Ecrins;2854.92;2721;2998;2852.5;738.47263;NNE;6.154533043;44.92946774;G006155E44930N;15;0
0.024;0.8747;Glacier Ouest du Pierroux_1;2015;Ecrins;2915.176471;2851;2999;2910;257.36515;N;6.148785761;44.92825938;G006149E44931N;15;0
0.1054;1.6254;Glacier de la Grande Montagne_2;2015;Ecrins;3098.818182;2985;3198;3099;485.06492;ESE;6.110777166;44.92910686;G006111E44929N;15;90
0.0103;1.0126;Glacier de la Tete du Grand Bois;2015;Ecrins;3002.2;2984;3021;3002;204.91419;NW;6.237910756;44.91598544;G006238E44916N;15;315
0.1689;3.0577;Glacier de la Grande Montagne_1;2015;Ecrins;2879.657407;2664;3138;2873.5;303.90115;E;6.110609748;44.92226725;G006112E44925N;15;90
0.0149;0.7121;Glacier Ouest de la Tete du Salude;2015;Ecrins;3002.777778;2997;3024;3000;125.93582;WNW;6.147623077;44.91637353;G006146E44918N;15;270
0.0173;0.8514;Glacier du Vallon de Lanchâtra_2;2015;Ecrins;2901.5;2818;2972;2914;244.33394;E;6.114737009;44.91781062;G006116E44918N;15;90
0.0476;1.1107;Glacier de l'Encoula_2;2015;Ecrins;2931.066667;2754;3072;2943.5;352.93951;NNE;6.289077138;44.91060309;G006285E44911N;15;0
0.023;0.694;Glacier Courbe_1;2015;Ecrins;3062.733333;3004;3103;3064;148.43026;WNW;6.109945403;44.91664038;G006110E44916N;15;270
0.0082;0.517;Glacier de la Tete de Malacombe;2015;Ecrins;3034.4;3018;3049;3038;150.80464;NE;6.237318893;44.91071916;G006237E44911N;15;45
0.0075;0.3978;Glacier de la Paroi Ouest des Liches_1_1;2015;Ecrins;2958;2925;3011;2955;105.52699;WNW;6.146113387;44.9128263;G006143E44914N;15;270
0.0104;0.5128;Glacier Courbe_2;2015;Ecrins;3058.428571;3044;3068;3059;67.79842;WNW;6.11060524;44.91286789;G006110E44916N;15;270
0.006;0.3601;Glacier Est de la Cime de l'Encoula;2015;Ecrins;2680.333333;2665;2696;2680;133.43714;ENE;6.293802176;44.90772372;G006293E44908N;15;90
0.1846;2.9043;Glacier de l'Encoula_1;2015;Ecrins;2878.431034;2666;3222;2853;1003.18824;NNE;6.284989953;44.91122444;G006285E44911N;15;0
0.0137;0.7221;Glacier de la Tete des Liches;2015;Ecrins;3043.375;2984;3092;3046.5;269.4637;ENE;6.148957587;44.91014859;G006151E44911N;15;90
0.0979;1.773;Glacier du Montagnon_2;2015;Ecrins;2842.111111;2739;2981;2819;232.87184;NW;6.141749931;44.91087882;G006139E44912N;15;315
0.3611;3.5624;Glacier du Vallon de Lanchâtra_1;2015;Ecrins;2798.303965;2617;3006;2795;1008.37936;NE;6.118646971;44.91323536;G006120E44915N;15;45
0.0452;1.0859;Glacier de Petit Pierre;2015;Ecrins;3289.967742;3174;3379;3306;296.2101;W;6.280517585;44.90578167;G006279E44906N;15;270
0.0173;0.7915;Glacier du Montagnon_3;2015;Ecrins;3025.777778;2996;3048;3028;215.08956;NW;6.121346351;44.90955155;G006139E44912N;15;315
0.0419;1.3314;Glacier du Montagnon_1b;2015;Ecrins;2769.076923;2716;2815;2767.5;224.5196;NW;6.136321971;44.90907018;G006139E44912N;15;315
0.0864;2.1481;Glacier du Montagnon_1a;2015;Ecrins;2796.735849;2713;2964;2787;311.71756;NW;6.128137936;44.90899131;G006139E44912N;15;315
0.0204;0.81;Glacier de la Pointe Jeanne;2015;Ecrins;3015.5;2966;3082;3010.5;114.32343;ENE;6.240743101;44.90446384;G006241E44904N;15;90
0.0222;1.1151;Glacier du Vallon des Etages_6;2015;Ecrins;2858.384615;2808;2899;2868;203.0211;N;6.243868373;44.90159199;G006263E44892N;15;0
0.0563;1.9266;Glacier du Col de l'Encoula_2;2015;Ecrins;3350.394737;3194;3459;3361.5;353.08744;NW;6.279344354;44.90174246;G006279E44902N;15;315
0.1397;2.1064;Glacier des Fetoules;2015;Ecrins;3214.83908;3078;3390;3208;512.67234;NW;6.237071066;44.90264991;G006235E44903N;15;315
0.0112;0.5181;Glacier Nord Est de Clot Chatel_1;2015;Ecrins;3173.571429;3143;3197;3176;124.72635;E;6.283385686;44.89938123;G006286E44899N;15;90
0.0234;1.162;Glacier Nord Est de Clot Chatel_2;2015;Ecrins;2869.285714;2848;2911;2859.5;188.76084;E;6.288213095;44.89748795;G006286E44899N;15;90
0.0028;0.2403;Glacier du Col Nord de l'Etret_3;2015;Ecrins;3207.902029;3178;3252;3211;61.32814;W;6.239203809;44.89701398;G006238E44897N;15;270
0.0794;1.497;Glacier des Arias_1;2015;Ecrins;2786.333333;2665;2921;2787;510.6277;NNW;6.175451931;44.90026937;G006175E44901N;15;0
0.009;0.5912;Glacier du Col Nord de l'Etret_1;2015;Ecrins;3182.25;3157;3206;3183;51.06276;W;6.239634414;44.89630172;G006238E44897N;15;270
0.0117;0.6006;Glacier du Bec du Canard_2;2015;Ecrins;2906;2871;2933;2907;183.70632;E;6.179965595;44.89755325;G006179E44896N;15;90
0.0117;0.6147;Glacier du Vallon des Etages_4;2015;Ecrins;2889.571429;2825;3004;2848;210.21945;N;6.273452373;44.89445242;G006263E44892N;15;0
0.2152;3.6854;Glacier de la Mariande_1;2015;Ecrins;2729.792593;2646;2838;2730;397.16687;NNW;6.166608685;44.89882023;G006175E44901N;15;0
0.1357;3.0602;Glacier du Vallon des Etages_5;2015;Ecrins;2992.4;2825;3151;2999;543.75308;N;6.245351485;44.89708002;G006263E44892N;15;0
0.0249;0.7739;Glacier du Bec du Canard_1;2015;Ecrins;3028.133333;2978;3082;3025;216.59869;E;6.177968627;44.89542527;G006179E44896N;15;90
0.0168;0.8968;Glacier du Cheret;2015;Ecrins;2873.181818;2800;2960;2876;255.62463;NNE;6.314884419;44.89053502;G006315E44890N;15;0
0.0606;1.4748;Glacier du Clocher de l'Etret;2015;Ecrins;3210.868421;3091;3336;3210.5;444.3129;WNW;6.241458275;44.89304033;G006241E44893N;15;270
0.0559;1.3714;Glacier du Vallon des Etages_3;2015;Ecrins;3264.571429;3057;3362;3296;373.58577;N;6.27598658;44.89192087;G006263E44892N;15;0
0.0629;1.7159;Glacier du Grand Vallon;2015;Ecrins;2987.888889;2923;3041;2989;365.24069;WSW;6.167336804;44.89421557;G006166E44895N;15;270
0.0171;0.6511;Glacier du Lac_3;2015;Ecrins;3063.5;3029;3094;3065;153.15301;NE;6.176902862;44.89269739;G006182E44890N;15;45
0.0278;0.8714;Glacier du Petit Vallon;2015;Ecrins;3106.4375;3055;3140;3111;248.41058;WSW;6.174265773;44.89268539;G006166E44895N;15;270
0.0211;1.1126;Glacier du Lac_1;2015;Ecrins;3001.25;2970;3030;3000;247.30791;NE;6.180564175;44.89042195;G006182E44890N;15;45
0.1189;2.6222;Glacier du Vallon des Etages_2;2015;Ecrins;3101.173333;2852;3309;3087;513.63846;N;6.271263996;44.88951911;G006263E44892N;15;0
0.8526;11.5907;Glacier du Vallon des Etages_1;2015;Ecrins;2841.178571;2422;3242;2900;1310.10924;N;6.258410783;44.89168588;G006263E44892N;15;0
0.3511;5.3939;Glacier du Petit Chardon_1;2015;Ecrins;2721.497674;2389;3040;2760;1526.85209;NE;6.300662723;44.87916541;G006275E44878N;15;45
0.0605;2.2874;Glacier de l'Ane;2015;Ecrins;3103.95122;2985;3213;3121;549.43428;E;6.267706938;44.88220446;G006269E44882N;15;90
0.0195;0.644;Glacier d'Aiguille Rousse_1;2015;Ecrins;3011.5;2964;3056;3014;195.58225;N;6.182149142;44.88274379;G006195E44883N;15;0
0.1996;4.2506;Glacier Nord de la Lavey;2015;Ecrins;3173.552846;3028;3298;3169;762.48721;NNW;6.258909463;44.88220447;G006252E44875N;15;0
0.0154;0.6169;Glacier d'Aiguille Rousse_2;2015;Ecrins;3032.6;2955;3099;3036;164.89151;N;6.185132193;44.88098922;G006195E44883N;15;0
0.1086;2.6916;Glacier d'Entre Pierroux_1_3;2015;Ecrins;2963.671642;2831;3125;2960;341.49059;N;6.191550187;44.88079796;G006195E44883N;15;0
0.066;1.4739;Glacier de Boverjat;2015;Ecrins;3084.904762;3036;3155;3081.5;267.54908;ENE;6.310594737;44.87759137;G006311E44879N;15;90
0.0693;2.0305;Glacier d'Entre Pierroux_1_1;2015;Ecrins;2857.162791;2596;3174;2842;584.25434;N;6.197519727;44.88122487;G006195E44883N;15;0
0.0052;0.537;Glacier du Says_2;2015;Ecrins;3097.5;3070;3134;3093;137.75405;N;6.30748224;44.87152227;G006319E44867N;15;0
0.8187;7.8312;Glacier du Chardon_1;2015;Ecrins;2921.003891;2324;3300;3077;2250.08616;NE;6.282537805;44.87796964;G006275E44878N;15;45
0.0211;0.6802;Glacier de Font Turbat;2015;Ecrins;3021.076923;2990;3069;3015;226.03658;SW;6.197245134;44.87506993;G006197E44874N;15;225
0.0069;0.5512;Glacier du Chardon_2;2015;Ecrins;3242.25;3230;3253;3243;195.06141;NE;6.28039107;44.87158526;G006275E44878N;15;45
0.1573;3.0964;Glacier du versant Nord Ouest des Rouies_1;2015;Ecrins;3008.525773;2767;3249;2981;895.6593;NW;6.252064958;44.87465382;G006251E44868N;15;315
0.0603;1.5976;Glacier Ouest des Sellettes_2;2015;Ecrins;3029.421053;2966;3124;3027.5;295.13329;NE;6.202786884;44.87305532;G006204E44866N;15;45
0.0497;1.9308;Glacier du versant Nord Ouest des Rouies_1;2015;Ecrins;3147.484848;3059;3267;3149;355.87447;NW;6.251452613;44.86845462;G006251E44868N;15;315
1.2354;9.5772;Glacier des Rouies;2015;Ecrins;3284.512953;2943;3516;3313;2177.2239;NE;6.26238473;44.87219809;G006275E44878N;15;45
0.5796;10.6114;Glacier du Says_1;2015;Ecrins;3052.627072;2777;3292;3064;899.51338;N;6.314218508;44.86745539;G006319E44867N;15;0
0.0309;1.1485;Glacier des Souffles;2015;Ecrins;2768.894737;2648;2874;2765;383.36823;NE;6.135407844;44.86649211;G006136E44867N;15;45
0.0488;1.4035;Glacier du Fond_3;2015;Ecrins;3218.3125;3130;3344;3216.5;359.974;NW;6.255068227;44.86234627;G006243E44855N;15;315
0.0129;0.5404;Glacier Est des Sellettes_1_4;2015;Ecrins;2806.428571;2757;2846;2811;165.27735;N;6.207265774;44.86104455;G006216E44862N;15;0
0.0146;0.8099;Glacier Est des Sellettes_1_3;2015;Ecrins;2854.2;2787;2917;2863.5;156.98422;N;6.2226803;44.86034364;G006216E44862N;15;0
0.0331;1.2187;Glacier de la Grande Roche_1_1;2015;Ecrins;2837.947368;2756;2926;2848;346.96803;SSW;6.260930199;44.8595662;G006277E44868N;15;180
0.5532;4.3296;Glacier Ouest des Sellettes_1;2015;Ecrins;2879.369942;2714;3014;2869.5;1207.40382;NE;6.202885801;44.8649954;G006204E44866N;15;45
0.0097;0.5559;Glacier superieur des Sellettes;2015;Ecrins;2933.714286;2891;2972;2937;94.34395;NNE;6.205444687;44.85993032;G006206E44859N;15;0
0.0235;0.811;Glacier de la Muande_2;2015;Ecrins;3168.0625;3116;3206;3168.5;179.14374;NW;6.2527702;44.85760588;G006243E44855N;15;315
0.0261;1.1479;Glacier Est des Sellettes_1_1b;2015;Ecrins;2901.285714;2863;2975;2894;267.67171;N;6.213714589;44.85614074;G006216E44862N;15;0
0.5915;6.5058;Glacier Est des Sellettes_1_1a;2015;Ecrins;2624.043836;2393;3175;2532;1795.21443;N;6.215679282;44.8614427;G006216E44862N;15;0
0.1558;2.6799;Glacier du Fond_2;2015;Ecrins;2923.721649;2811;3124;2906;406.64677;NW;6.226391535;44.85607338;G006243E44855N;15;315
0.0108;0.4984;Glacier Est des Sellettes_1_1c;2015;Ecrins;3156.571429;3150;3164;3156;79.67565;N;6.215412398;44.85459857;G006216E44862N;15;0
0.0597;1.9916;Glacier de l'Olan_1;2015;Ecrins;3071.675676;2908;3212;3088;344.99839;SSE;6.200120018;44.85602411;G006201E44854N;15;180
0.4991;8.9241;Glacier du Fond_1;2015;Ecrins;2695.540193;2387;3123;2685;1718.18067;NW;6.239665444;44.85875987;G006243E44855N;15;315
0.3127;5.7066;Glacier de la Muande_1;2015;Ecrins;2978.872449;2782;3228;2982;472.59308;NW;6.24495095;44.85405184;G006243E44855N;15;315
0.0418;1.7622;Glacier du Vallon_2;2015;Ecrins;3294;3211;3375;3291;333.45731;S;6.222551419;44.85210646;G006229E44849N;15;180
0.0027;0.2407;Glacier du Col Nord de l'Etret_2;2015;Ecrins;3125;3114;3136;3125;79.23616;W;6.237754593;44.89662064;G006238E44897N;15;270
0.064;1.3322;Glacier du Clot des Cavales_2;2015;Ecrins;2614.538462;2538;2656;2622;399.78135;NE;6.336544906;44.981129;G006331E44977N;15;45
0.5305;10.0279;Glacier du Clot des Cavales_1;2015;Ecrins;3081.978659;2773;3480;3078.5;1069.80884;NE;6.331685137;44.97490946;G006331E44977N;15;45
0.0457;1.1316;Glacier Superieur des Agneaux_1_2;2015;Ecrins;3374.642857;3290;3431;3383;234.65585;ESE;6.338617428;44.9701589;G006336E44968N;15;90
0.0084;0.4117;Glacier Superieur des Agneaux_1_3;2015;Ecrins;3397;3387;3406;3397.5;111.50047;ESE;6.336413134;44.96896109;G006336E44968N;15;90
0.2104;3.4568;Glacier Superieur des Agneaux_1_2;2015;Ecrins;3401.751938;3168;3674;3393;956.453;ESE;6.33551091;44.96754949;G006336E44968N;15;90
0.0131;0.8087;Glacier du Bourcet;2015;Ecrins;3308;3278;3362;3299.5;188.8558;WSW;6.32248928;44.95942573;G006321E44959N;15;270
0.084;2.0859;Glacier de la Grande Ruine_2;2015;Ecrins;3103.666667;2959;3215;3133;758.52018;WNW;6.317037608;44.9615819;G006321E44965N;15;270
0.3588;6.2226;Glacier de la Grande Ruine_1;2015;Ecrins;3188.607143;2942;3486;3172.5;851.62332;WNW;6.32270262;44.96624742;G006321E44965N;15;270
0.5949;8.1867;Glacier de la Plate des Agneaux_2;2015;Ecrins;3203.452128;2834;3634;3171;1044.76127;NE;6.356582563;44.9476749;G006350E44954N;15;45
1.2765;12.6519;Glacier de la Plate des Agneaux_1;2015;Ecrins;2603.10566;2242;3018;2586;4001.2466;NE;6.350488385;44.95443563;G006350E44954N;15;45
0.1078;3.549;Glacier de la Roche Faurio_1;2015;Ecrins;3159.971014;2949;3428;3124;738.86357;NNW;6.371290649;44.95247543;G006370E44952N;15;0
0.011;0.5889;Glacier d'Alvau_3;2015;Ecrins;3116.5;3093;3159;3107;158.08768;WSW;6.337624589;44.94406298;G006338E44942N;15;270
0.0076;0.4329;Glacier d'Alvau_4;2015;Ecrins;3208.4;3186;3226;3220;93.01254;WSW;6.339329557;44.94373025;G006338E44942N;15;270
0.0085;0.5022;Glacier d'Alvau_6;2015;Ecrins;3191.4;3157;3212;3191;106.38487;WSW;6.339083832;44.94206216;G006338E44942N;15;270
0.0152;0.8958;Glacier de la Breche d'Alvau;2015;Ecrins;3167.090909;3126;3245;3149;222.60615;S;6.350267502;44.94166124;G006347E44941N;15;180
1.8767;11.7219;Glacier de Bonne Pierre_1;2015;Ecrins;2787.046968;2420;3274;2794;3525.35174;W;6.339463586;44.93175246;G006337E44931N;15;270
0.1156;3.1151;Glacier de la Vera Pervoz;2015;Ecrins;2904.121622;2749;3142;2914;724.78965;W;6.330821554;44.92082689;G006329E44919N;15;270
0.6728;7.828;Glacier du vallon de la Pilatte_1;2015;Ecrins;3446.417062;3089;3745;3456.5;1330.1198;SW;6.349101393;44.91918075;G006347E44919N;15;225
0.022;0.9845;Glacier Blanc_2;2015;Ecrins;3551.866667;3512;3594;3550;234.04891;E;6.364319911;44.94293951;G006382E44944N;15;90
4.703;29.7331;Glacier Blanc_1;2015;Ecrins;3196.086897;2456;3748;3187;5735.97133;E;6.37647643;44.93782946;G006382E44944N;15;90
0.0359;1.4983;Glacier de Combeynot_1;2015;Ecrins;2750.809524;2688;2876;2735;368.27428;N;6.415522815;45.01734052;G006414E45017N;15;0
0.0152;0.7146;Glacier de Burlan;2015;Ecrins;2765.6;2703;2808;2769;191.07816;N;6.217640391;44.97014379;G006217E44970N;15;0
0.0309;1.0552;Glacier Suspendu;2015;Haute Vallee de l'Isere;3072.55;3050;3112;3066.5;289.99782;S;6.223658846;44.96614201;G006866E45505N;15;180
0.0884;2.4176;Glacier Ouest du Diable;2015;Ecrins;2924.303571;2793;3145;2888.5;545.9826;NNW;6.239103753;44.9700515;G006239E44970N;15;0
0.1573;3.08;Glacier Est du Diable;2015;Ecrins;2817.686869;2710;2945;2801;327.89466;N;6.248016057;44.97121605;G006247E44972N;15;0
0.2136;5.1704;Glacier de la Selle_6;2015;Ecrins;2948.336;2752;3216;2936;685.26061;NNW;6.257234147;44.97280628;G006256E44974N;15;0
0.1449;2.8947;Glacier de la Selle_5;2015;Ecrins;2986.265957;2850;3245;2952;513.47939;NNW;6.267253333;44.97732716;G006256E44974N;15;0
0.0593;1.9064;Glacier de la Gandoliere_1_1;2015;Ecrins;3149;2987;3254;3152.5;559.53991;ENE;6.274390633;44.97594428;G006278E44975N;15;90
0.0014;0.1806;Glacier de la Gandoliere_2;2015;Ecrins;3147.5;3145;3150;3147.5;43.66564;ENE;6.275603589;44.97296777;G006278E44975N;15;90
0.0137;0.5591;Glacier de la Gandoliere_1_2;2015;Ecrins;3090.125;3073;3106;3091;96.35565;ENE;6.277695427;44.9723494;G006278E44975N;15;90
0.0211;0.867;Glacier Nord du Plaret;2015;Ecrins;3336.384615;3294;3370;3341;201.50907;SSE;6.270120772;44.97248509;G006269E44973N;15;180
0.077;1.9646;Glacier du Plaret_2;2015;Ecrins;3207.955556;3123;3327;3211;268.04432;ESE;6.264826623;44.96959437;G006266E44965N;15;90
0.1991;3.9403;Glacier du Plaret_1;2015;Ecrins;3053.504;2939;3183;3053;402.44785;ESE;6.265653011;44.96234617;G006266E44965N;15;90
0.0808;2.0575;Glacier d'Arena;2015;Ecrins;2970.604167;2801;3137;2966;497.3247;NE;6.269088663;44.95652501;G006270E44957N;15;45
0.0177;0.7149;Glacier de l'Arena Suspendu;2015;Ecrins;2982.818182;2944;3029;2981;172.21984;NE;6.273019307;44.954088;G006272E44954N;15;45
0.3098;3.8084;Glacier de la Selle_7;2015;Ecrins;2632.405128;2560;2728;2631;458.43332;NNW;6.258316148;44.97848248;G006256E44974N;15;0
0.1027;1.8544;Glacier de la Selle_2;2015;Ecrins;2797.666667;2717;2939;2797;308.68728;NNW;6.270985196;44.98326044;G006256E44974N;15;0
0.02;0.6966;Glacier de la Selle_3;2015;Ecrins;3095;2992;3186;3093;183.79092;NNW;6.276404267;44.9827179;G006256E44974N;15;0
0.0109;0.6807;Glacier de la Selle_4;2015;Ecrins;2990.5;2954;3019;2992;71.73081;NNW;6.2738783;44.98181473;G006256E44974N;15;0
1.2739;11.3878;Glacier de la Selle_1;2015;Ecrins;3186.755975;2942;3769;3128;2072.31863;NNW;6.277185655;44.99213459;G006256E44974N;15;0
0.0203;0.6198;Glacier de la Breche du Rateau_4;2015;Ecrins;3132.230769;3094;3172;3131;177.40524;SE;6.285914954;44.989925;G006287E44995N;15;135
0.0097;0.5976;Glacier de la Breche du Rateau_1;2015;Ecrins;3453.428571;3405;3492;3450;130.70041;SE;6.285109734;44.99540757;G006287E44995N;15;135
0.011;0.555;Glacier de la Breche du Rateau_2;2015;Ecrins;3331.833333;3300;3363;3327;208.23935;SE;6.286486675;44.99387582;G006287E44995N;15;135
0.0779;1.986;Glacier de la Breche du Rateau_3;2015;Ecrins;3181.979167;3030;3365;3182;592.59656;SE;6.288925495;44.99442144;G006287E44995N;15;135
0.0249;1.3021;Glacier des Etançons_1_3;2015;Ecrins;3516.277778;3425;3587;3521;239.67528;SE;6.287454662;44.99805984;G006293E44998N;15;135
0.2748;4.4231;Glacier des Etançons_1_2;2015;Ecrins;3179.867052;2969;3486;3161;834.02148;SE;6.293304125;44.99845651;G006293E44998N;15;135
0.1334;2.1207;Glacier des Etançons_1_1;2015;Ecrins;3165.52439;3080;3277;3155.5;500.10006;SE;6.300806186;45.00141323;G006293E44998N;15;135
0.016;0.6938;Glacier Carre;2015;Ecrins;3306.222222;3272;3335;3313;197.99564;ESE;6.306030721;45.00372919;G006306E45004N;15;90
0.5751;8.7744;Glacier des Etançons_2_1;2015;Ecrins;3228.670391;3000;3595;3187;822.77608;WSW;6.31507944;44.99837154;G006315E44998N;15;270
0.13;2.4744;Glacier superieur des Cavales;2015;Ecrins;3339.061728;3165;3543;3331;665.35392;SSE;6.325092159;44.99589925;G006324E44995N;15;180
0.0209;1.4766;Glacier des Etançons_2_2;2015;Ecrins;3190.642857;2999;3294;3213.5;450.2436;WSW;6.316953631;44.9919521;G006315E44998N;15;270
0.015;1.0512;Glacier des Etançons_2_3;2015;Ecrins;3130.222222;3057;3217;3130;216.5656;WSW;6.315169643;44.98791394;G006315E44998N;15;270
0.1024;2.6908;Glacier Ouest de la Selle;2015;Ecrins;3258.636364;3067;3429;3268.5;572.56132;SSW;6.260102581;44.99478094;G006260E44995N;15;180
0.0165;0.5898;Glacier Claire_3;2015;Ecrins;3352.583333;3305;3415;3352.5;122.57035;ESE;6.335604904;44.99507481;G006337E44995N;15;90
0.0175;0.6781;Glacier Claire_ 1_2;2015;Ecrins;3259.4;3231;3294;3259;160.24784;ESE;6.339064606;44.99658375;G006336E44998N;15;90
0.0591;1.6991;Glacier Claire_1_1;2015;Ecrins;3531.081081;3370;3651;3537;444.00069;ESE;6.334408823;44.99727768;G006336E44998N;15;90
0.0412;1.1477;Glacier Claire_ 2;2015;Ecrins;3313.086957;3265;3361;3309;311.56982;SW;6.344624204;44.99641506;G006344E44997N;15;225
0.0695;1.1965;Glacier du Fauteuil;2015;Ecrins;3022.822222;2981;3167;3000;291.92683;N;6.353553685;45.00305739;G006354E45003N;15;0
0.0396;1.1352;Glacier du Clot Boucharet;2015;Ecrins;2939.961538;2816;3090;2935;368.07207;ENE;6.360364267;45.00032229;G006361E45000N;15;90
0.2111;3.2362;Glacier du Lautaret_2;2015;Ecrins;2431.80303;2260;2695;2430;817.08208;N;6.350564832;45.0098373;G006345E45004N;15;0
0.1847;4.3654;Glacier d'Armande;2015;Ecrins;3029.452991;2706;3384;3068;1147.85348;N;6.344483969;45.00210476;G006345E45004N;15;0
0.1917;4.3319;Glacier superieur du Lautaret;2015;Ecrins;3265.912;3074;3434;3277;1296.27172;N;6.334064195;45.00059511;G006345E45004N;15;0
0.806;7.4076;Glacier du Lautaret_1;2015;Ecrins;3038.369352;2567;3512;3034;1830.12484;N;6.333750036;45.00464717;G006345E45004N;15;0
0.0113;0.4979;Glacier du Bec_1;2015;Ecrins;3227.833333;3211;3247;3227.5;114.78946;NNE;6.329416994;45.01848571;G006330E45020N;15;0
0.0289;0.8744;Glacier du Bec_2_1;2015;Ecrins;3356;3265;3423;3354;201.03231;NNE;6.33131351;45.01706876;G006330E45020N;15;0
0.0404;1.0727;Glacier de la Seille Vieille;2015;Ecrins;2930.346154;2806;3067;2915.5;338.94806;ENE;6.335804058;45.01893201;G006335E45019N;15;90
0.5924;6.8588;Glacier de l'Homme;2015;Ecrins;3214.784367;2813;3481;3268;1847.17438;N;6.325503041;45.00870099;G006345E45004N;15;0
1.1439;8.5778;Glacier du Tabuchet;2015;Ecrins;3193.2567;2773;3498;3205;1598.04513;NNE;6.320715389;45.01527337;G006321E45014N;15;0
1.5028;16.0599;Glacier de la Meije;2015;Ecrins;3191.455898;2790;3780;3203;2367.18709;NNE;6.301514868;45.00817456;G006296E45008N;15;0
0.0829;1.614;Glacier du Vallon;2015;Ecrins;3152.3;3059;3237;3151;287.52165;N;6.267790183;45.00892266;G006268E45010N;15;0
0.912;12.7273;Glacier du Rateau;2015;Ecrins;2894.578947;2434;3489;2871;1951.81207;NNE;6.281664222;45.0089412;G006284E45012N;15;0
4.6497;21.7568;Glacier de la Girose_1;2015;Ecrins;3223.742847;2708;3579;3244;2761.20914;N;6.252386693;45.00526327;G006252E45009N;15;0
2.7093;20.5276;Glacier de Mont de Lans;2015;Ecrins;3233.621302;2849;3499;3258;2146.67103;NW;6.219631612;45.00086996;G006226E45003N;15;315
0.0033;0.2813;Glacier de la Gandoliere_1_3;2015;Ecrins;2944;2922;2966;2944;62.2402;ENE;6.280631731;44.97264664;G006278E44975N;15;90
0.008;0.5577;Glacier du Says_3;2015;Ecrins;3199.2;3169;3225;3204;193.81489;N;6.321575179;44.86437407;G006319E44867N;19;0
0.0817;2.7557;Glacier du Gioberney_1;2015;Ecrins;3147.32;3040;3231;3152.5;435.18159;E;6.320278043;44.85980961;G006322E44861N;19;90
0.0064;0.357;Glacier du Gioberney_2;2015;Ecrins;3219;3198;3233;3226;87.52348;E;6.3196049;44.85848841;G006322E44861N;19;90
0.3075;4.1812;Glacier de la Condamine_1_1;2015;Ecrins;2466.507772;2338;2837;2422;816.1892;NW;6.318875229;44.84549466;G006318E44844N;19;315
0.0361;0.9896;Glacier de la Condamine_1_2;2015;Ecrins;2691.916667;2627;2771;2690.5;265.3848;NW;6.317750061;44.84110961;G006318E44844N;19;315
0.3572;4.118;Glacier des Aupillous;2015;Ecrins;2816.09589;2639;3047;2801;846.07509;NW;6.328501254;44.83019822;G006326E44830N;19;315
0.0451;1.209;Glacier du Jocelme_2;2015;Ecrins;3251.833333;3167;3393;3240;325.25967;WNW;6.334427561;44.82388218;G006342E44818N;19;270
0.0977;2.4459;Glacier du Jocelme_1_1;2015;Ecrins;3236.95082;3113;3379;3226;704.43216;WNW;6.338512156;44.8246985;G006342E44818N;19;270
0.262;3.3335;Glacier de Charbourneou_1;2015;Ecrins;2899.807453;2738;3075;2901;621.96074;NNW;6.332954446;44.80080091;G006331E44803N;19;0
0.0278;0.8784;Glacier du Queyre;2015;Ecrins;2753.611111;2704;2812;2748.5;259.53419;E;6.346132537;44.80414724;G006345E44805N;19;90
0.0738;1.5982;Glacier de Chanteloube_1;2015;Ecrins;2983.978261;2820;3133;2982;517.85291;NE;6.346518292;44.80007623;G006347E44799N;19;45
0.0299;-179769;Glacier de Chanteloube_2;2015;Ecrins;3109.142857;3069;3147;3114;177.17952;NE;6.341951473;44.79743456;G006347E44799N;19;45
0.0269;1.3329;Glacier de Chanteloube_5;2015;Ecrins;3120.117647;3031;3165;3134;336.53774;NE;6.345390565;44.79702945;G006347E44799N;19;45
0.0097;0.4596;Glacier de Chanteloube_3;2015;Ecrins;3118.833333;3108;3131;3118.5;139.92109;NE;6.344721427;44.79519891;G006347E44799N;19;45
0.0107;0.5149;Glacier de Chanteloube_4;2015;Ecrins;3028;2987;3065;3024;117.48631;NE;6.346632192;44.79525528;G006347E44799N;19;45
0.0694;1.9817;Glacier du Sirac_2;2015;Ecrins;2706.925;2615;2835;2713;457.15166;NNW;6.313357356;44.79499972;G006316E44796N;19;0
0.0054;0.3773;Glacier de Vallonpierre_2;2015;Ecrins;2850.25;2839;2879;2841.5;100.13785;NW;6.298082305;44.78741765;G006297E44784N;19;315
0.0716;1.4735;Glacier de Vallonpierre_1;2015;Ecrins;3107.717391;2989;3158;3118;376.81749;NW;6.303323577;44.78744513;G006297E44784N;19;315
0.0745;1.456;Glacier de la Veyrardonne;2015;Ecrins;2928.155556;2863;2989;2934;356.9829;SE;6.311231026;44.78605388;G006312E44785N;19;135
0.067;2.1088;Glacier du Mourre la Mine 1;2015;Ecrins;2810.159091;2619;2986;2801;728.26118;NNE;6.209980561;44.746483;G006210E44747N;19;0
0.0251;0.8717;Glacier de l'Aup_2;2015;Ecrins;2731.941176;2665;2828;2727;130.8821;N;6.194680434;44.74424209;G006197E44744N;19;0
0.0222;0.955;Glacier de l'Aup_3;2015;Ecrins;2808.833333;2753;2872;2813;252.71176;N;6.203872901;44.74414696;G006197E44744N;19;0
0.0086;0.4403;Glacier de l'Aup_4;2015;Ecrins;2961.714286;2900;3009;2970;125.69959;N;6.20355577;44.74210695;G006197E44744N;19;0
0.0423;1.2624;Glacier de l'Aup_1;2015;Ecrins;2799.68;2723;3026;2781;416.37838;N;6.199320076;44.74237426;G006197E44744N;19;0
0.0101;0.5088;Glacier de l'Aup_5;2015;Ecrins;3006.333333;2975;3026;3005;128.01103;N;6.202939764;44.74087575;G006197E44744N;19;0
0.0064;0.5568;Glacier de la Condamine_2;2015;Ecrins;2916.25;2836;2992;2918.5;206.51478;NW;6.325103163;44.84424367;G006318E44844N;19;315
0.0784;2.1289;Glacier du Sirac_1;2015;Ecrins;2915.12;2727;3026;2925.5;532.26955;NNW;6.317745711;44.79283161;G006316E44796N;19;0
2.2626;22.7411;Glacier de la Pilatte;2015;Ecrins;2933.053571;2360;3408;2984.5;2898.40755;N;6.33778816;44.85739492;G006334E44865N;19;0
0.0339;1.0944;Glacier Superieur d'Arsine;2015;Ecrins;2840.2;2761;2929;2836.5;347.00183;NNW;6.424062267;44.96256936;G006416E44959N;16;0
0.0473;1.146;Glacier de la Pyramide;2015;Ecrins;3062.4;3038;3139;3055.5;180.21622;S;6.42005253;44.94840067;G006418E44949N;16;180
0.1321;1.8568;Glacier de Seguret d'Avant_1;2015;Ecrins;3238.614458;3145;3312;3241;561.71008;E;6.460763383;44.92333122;G006462E44923N;16;90
0.1869;2.7028;Glacier de la Momie;2015;Ecrins;2976.410256;2779;3154;2979;670.021;NNE;6.403628231;44.90920683;G006402E44910N;16;0
0.8443;10.7015;Glacier du Clot de l'Homme Pelvoux Violettes_1;2015;Ecrins;3492.272727;2853;3938;3573.5;2234.16034;NE;6.406887287;44.89874396;G006408E44900N;16;45
0.0157;0.6802;Glacier de la Temple_3_1;2015;Ecrins;3216.4;3194;3251;3213;134.918;SW;6.354960791;44.90066345;G006356E44907N;16;225
0.0362;1.306;Glacier de la Temple_3_2;2015;Ecrins;3238.863636;3168;3280;3240;423.24731;SW;6.353284089;44.8984506;G006356E44907N;16;225
0.2478;3.9059;Glacier de Coste Rouge;2015;Ecrins;2894.098039;2649;3122;2870;1131.00341;W;6.350753309;44.89026823;G006351E44891N;16;270
0.4616;6.0514;Glacier de Sialouze;2015;Ecrins;3397.118056;3177;3680;3367.5;1089.48419;S;6.391814496;44.89156068;G006391E44890N;16;180
0.2136;3.2758;Glacier du Coup de Sabre_2;2015;Ecrins;3095.051095;2990;3346;3040;1014.48675;SE;6.380837093;44.88547019;G006376E44885N;16;135
0.1477;2.5134;Glacier du Coup de Sabre_1;2015;Ecrins;3287.322581;3151;3439;3280;635.33294;SE;6.374194093;44.88678662;G006376E44885N;16;135
0.0531;1.8458;Glacier Long;2015;Ecrins;3259.117647;2966;3460;3291.5;611.82192;NNW;6.348552418;44.88408662;G006348E44885N;16;0
0.0328;1.0184;Glacier Gris_1;2015;Ecrins;3013.52381;2952;3105;3006;270.68809;WNW;6.345662937;44.87965496;G006345E44877N;16;270
0.4939;6.1159;Glacier de l'Ailefroide_1;2015;Ecrins;3429.696774;3081;3705;3466;970.95753;NE;6.363968664;44.88319279;G006357E44868N;16;45
0.0385;1.0354;Glacier de la Cime du Coin;2015;Ecrins;3386.653846;3308;3441;3391.5;328.74297;W;6.349201622;44.87470838;G006349E44875N;16;270
0.046;1.5576;Glacier de l'Ailefroide_3;2015;Ecrins;3199.666667;3062;3281;3222;434.76726;NE;6.35550412;44.87045798;G006357E44868N;16;45
0.0791;2.1271;Glacier de l'Ailefroide_4;2015;Ecrins;3246.229167;3104;3377;3243.5;397.19938;NE;6.356582664;44.86773568;G006357E44868N;16;45
0.0033;0.2571;Glacier des Boeufs Rouges_2;2015;Ecrins;3248;3238;3258;3248;58.2296;N;6.3867526;44.86390241;G006389E44864N;16;0
0.0538;1.4547;Glacier du Sele_2;2015;Ecrins;3140.424242;3014;3241;3141;415.81432;NE;6.359165755;44.86452935;G006367E44861N;16;45
0.0106;0.5148;Glacier du Gioberney_3;2015;Ecrins;2984.571429;2950;3014;2983;160.06669;E;6.324489566;44.86206378;G006322E44861N;16;90
0.0074;0.4781;Glacier du Fournet_1_2;2015;Ecrins;3278.75;3253;3299;3281.5;90.08361;S;6.360516898;44.85400708;G006358E44853N;16;180
0.062;1.1896;Glacier du Fournet_1_1;2015;Ecrins;3216.428571;3144;3290;3217;325.11692;S;6.357648589;44.85277438;G006358E44853N;16;180
0.0127;0.518;Glacier du Fournet_1_3;2015;Ecrins;3202.7;3158;3249;3198.5;127.30781;S;6.354263354;44.8518625;G006358E44853N;16;180
0.0302;0.8801;Glacier Ouest des Bans;2015;Ecrins;3028.526316;2979;3085;3027;276.09261;NW;6.32950197;44.85042642;G006331E44847N;16;315
0.0372;1.056;Glacier du Fournet_2_1;2015;Ecrins;3030.96;2960;3155;3024;336.31903;S;6.350657832;44.84952727;G006358E44853N;16;180
0.0423;1.095;Glacier du Fournet_2_2;2015;Ecrins;3020.296296;2948;3095;3015;293.22695;S;6.347864957;44.84800148;G006358E44853N;16;180
0.0061;0.3597;Glacier Superieur de la Condamine_2;2015;Ecrins;3083.2;3063;3100;3087;80.53165;NW;6.329404614;44.84700027;G006318E44844N;16;315
0.0888;1.9341;Glacier des Bans;2015;Ecrins;3111.54717;2915;3344;3086;601.85525;SE;6.340873889;44.84658958;G006342E44847N;16;135
0.008;0.4184;Glacier Superieur de la Condamine_1_2;2015;Ecrins;3277.666667;3257;3300;3272.5;122.54776;NW;6.330488358;44.84439693;G006318E44844N;16;315
0.1299;2.1084;Glacier Superieur de la Condamine_1_1;2015;Ecrins;3305.410256;3122;3461;3307.5;513.62579;NW;6.332429003;44.84630627;G006318E44844N;16;315
0.0402;1.3073;Glacier du Sellar_1_1;2015;Ecrins;3089.448276;3003;3150;3095;347.4685;ENE;6.336337712;44.83520595;G006336E44835N;16;90
0.0275;0.9567;Glacier du Sellar_1_2;2015;Ecrins;2967.052632;2868;3023;2972;331.88611;ENE;6.341027326;44.83416684;G006336E44835N;16;90
0.0261;0.9311;Glacier du Sellar_2;2015;Ecrins;3044.666667;2965;3133;3042;295.32254;ENE;6.339986375;44.8315823;G006336E44835N;16;90
0.1057;2.2409;Glacier de Bonvoisin;2015;Ecrins;2910.538462;2784;3177;2865;408.83923;NE;6.343898143;44.82770149;G006345E44830N;16;45
0.1379;3.2965;Glacier des Bruyeres_1;2015;Ecrins;3095.724138;2768;3330;3109;789.72055;NE;6.352706026;44.8235946;G006353E44824N;16;45
0.0166;0.5937;Glacier du Jocelme_1_2;2015;Ecrins;3093.3;3057;3127;3094;114.6326;WNW;6.342798859;44.82166951;G006342E44818N;16;270
0.0423;1.3496;Glacier des Bruyeres_2;2015;Ecrins;3293.846154;3234;3317;3302.5;454.3414;NE;6.352018025;44.82021739;G006353E44824N;16;45
0.0243;1.0811;Glacier de Malamort;2015;Ecrins;2994.214286;2932;3031;3004;151.81314;NNE;6.356848498;44.81886838;G006358E44819N;16;0
0.1444;3.1747;Glacier de Surette;2015;Ecrins;2910.849462;2782;3127;2901;576.30339;WNW;6.342689772;44.81817584;G006342E44818N;16;270
0.139;3.8478;Glacier Subeyrar du Loup;2015;Ecrins;2974.329545;2891;3077;2958.5;605.46034;ESE;6.34770407;44.81375799;G006348E44814N;16;90
0.0098;0.5399;Glacier de Faravel_2;2015;Ecrins;2906.333333;2883;2931;2907.5;162.55197;NNE;6.409288259;44.7084028;G006406E44709N;16;0
0.0127;0.7237;Glacier de Faravel_1;2015;Ecrins;2886.25;2843;2937;2880;155.69572;NNE;6.407334516;44.70830655;G006406E44709N;16;0
0.1288;2.7181;Glacier du Coin;2015;Ecrins;3035.77381;2919;3215;3004.5;517.13927;WNW;6.348349963;44.86427725;G006347E44864N;16;270
1.4234;12.8461;Glacier du Sele_1;2015;Ecrins;3005.452381;2534;3313;3063.5;2824.14868;NE;6.366165044;44.86126257;G006367E44861N;16;45
0.159;4.6058;Glacier des Boeufs Rouges_1;2015;Ecrins;3268.255319;2884;3373;3311;1176.26313;N;6.389728643;44.86287889;G006389E44864N;16;0
0.2677;7.1531;Glacier de l'Ailefroide_2;2015;Ecrins;3272.614458;3045;3642;3209.5;864.51763;NE;6.355352921;44.87701511;G006357E44868N;16;45
0.0456;1.0372;Glacier de l'Ailefroide_5;2015;Ecrins;3445.677419;3368;3527;3443;324.32274;NE;6.369555641;44.8826583;G006357E44868N;16;45
0.0274;0.9599;Glacier Gris_2;2015;Ecrins;3101;2992;3252;3091;324.24978;WNW;6.345806613;44.87679249;G006345E44877N;16;270
0.0585;1.2348;Glacier Suspendu de l'Ailefroide;2015;Ecrins;3426.028571;3273;3559;3422;262.9515;N;6.360534438;44.88973416;G006360E44890N;16;0
3.571;29.3849;Glacier Noir_1;2015;Ecrins;2776.357753;2307;3690;2779;4458.10921;NE;6.378136735;44.90529375;G006383E44906N;16;45
0.0085;0.4367;Glacier Noir_2;2015;Ecrins;3026;2995;3058;3022;96.25437;NE;6.379875103;44.89689582;G006383E44906N;16;45
0.1217;2.4415;Glacier des Pres des Fonts;2015;Ecrins;2931.653333;2724;3092;2961;772.22653;NE;6.454415042;44.95697392;G006455E44957N;16;45
0.1086;2.7004;Glacier du Reou d'Arsine8+;2015;Ecrins;3041.39726;2858;3231;3040;769.14508;NNW;6.430606025;44.96197358;G006431E44963N;16;0
1.8679;10.3458;Glacier d'Arsine;2015;Ecrins;2707.2;2477;3172;2672;2065.27202;NNW;6.407630478;44.96010812;G006416E44959N;16;0
0.8677;8.5221;Glacier du Casset;2015;Ecrins;3189.493554;2771;3597;3171;1882.63383;NNE;6.438095622;44.95623338;G006439E44956N;16;0
0.1833;3.0492;Glacier Superieur d'Arsine;2015;Ecrins;3212.254386;2859;3498;3210.5;1012.40821;NNW;6.427825404;44.95691247;G006416E44959N;16;0
0.0509;1.113;Glacier Tuckett_1;2015;Ecrins;3341.363636;3248;3454;3342;371.24962;SSW;6.425032564;44.94972408;G006428E44950N;16;180
0.0296;0.9348;Glacier Tuckett_2;2015;Ecrins;3441.352941;3372;3551;3439;309.73005;SSW;6.428754716;44.94901063;G006428E44950N;16;180
0.0175;1.1578;Glacier Jean Gauthier_1;2015;Ecrins;3174.666667;3129;3218;3175;106.54618;W;6.431731328;44.93976743;G006431E44940N;16;270
0.3766;4.8357;Glacier du Monetier_2;2015;Ecrins;3302.267241;3062;3476;3307;956.42835;E;6.435674455;44.94680143;G006439E44949N;16;90
1.0041;9.7575;Glacier du Monetier_1;2015;Ecrins;3234.58132;2883;3462;3249;1345.73314;E;6.446162177;44.93517736;G006439E44949N;16;90
0.6342;6.3;Glacier de Seguret Foran;2015;Ecrins;3211.670854;2858;3445;3237;1580.4723;ENE;6.45762982;44.92812858;G006457E44928N;16;90
0.3387;5.3562;Glacier des Agneaux;2015;Ecrins;3305.209756;2983;3513;3329;752.97128;NNW;6.383925455;44.95814243;G006383E44960N;16;0
0.0509;1.7167;Glacier de la Roche Faurio_2;2015;Ecrins;3270.612903;3106;3431;3265;510.7132;NNW;6.376642789;44.95415488;G006370E44952N;16;0
0.2254;3.5301;Glacier du vallon de la Pilatte_2;2015;Ecrins;3181.820144;3019;3395;3170;994.60471;SW;6.351582683;44.91193596;G006347E44919N;16;225
0.0257;1.4465;Glacier des Barres_1;2015;Ecrins;2988.722222;2867;3216;2953;535.984;SSE;6.371195861;44.92382885;G006371E44924N;16;180
0.0266;0.8258;Glacier de la Grande Sagne;2015;Ecrins;3003.4;2960;3040;3009;196.86579;SSE;6.380519884;44.92800326;G006380E44927N;16;180
0.0853;1.4132;Glacier du Serre Soubeyran;2015;Ecrins;3171.321429;3069;3273;3176.5;431.57266;E;6.388510195;44.93418651;G006390E44934N;16;90
0.0211;1.1075;de Calabre;2015;Haute Vallee de l'Isere;3065.666667;3031;3104;3062;334.05173;SW;7.085089362;45.46988454;G007084E45470N;11;225
0.1107;2.2406;du Gros Caval;2015;Haute Vallee de l'Isere;3049.633803;2937;3206;3034;765.653;NNW;7.082513359;45.43688234;G007083E45437N;11;0
0.8093;6.8039;des Sources de l'Isere 1;2015;Haute Vallee de l'Isere;3090.140244;2938;3383;3071;1567.13342;NNW;7.108243594;45.44091228;G007101E45442N;11;0
0.0771;1.6041;du Pers 1;2015;Haute Vallee de l'Isere;3033.382979;2939;3142;3031;442.21299;N;7.079901308;45.43339684;G007070E45432N;11;0
0.5966;5.3975;des Sources de l'Isere 2_1;2015;Haute Vallee de l'Isere;3077.945652;2786;3387;3080;1430.97336;NNW;7.100111972;45.43733007;G007101E45442N;11;0
0.0781;2.3535;du Pers 2_1;2015;Haute Vallee de l'Isere;3008.48;2905;3144;2996.5;529.79305;NNE;7.07174685;45.43057397;G007065E45432N;11;0
0.0558;1.538;du Montet 1_1;2015;Haute Maurienne;3043.243243;2983;3099;3047;444.44122;ENE;7.077198526;45.42742503;G007075E45421N;11;90
0.0304;1.2546;de Derriere les Lacs 2;2015;Haute Maurienne;3213.875;3154;3261;3216.5;415.99045;W;7.149964046;45.42222558;G007148E45420N;11;270
0.0958;1.9554;du Grand Pisaillas 2;2015;Haute Maurienne;3171.125;3119;3234;3169;355.47421;WNW;7.06709757;45.41824045;G007062E45426N;11;270
0.0869;2.4173;du Montet 1_2;2015;Haute Maurienne;3170.773585;3110;3223;3168;335.57273;ENE;7.073580295;45.41793514;G007075E45421N;11;90
0.0866;2.0605;de Derrieres les Lacs 1;2015;Haute Maurienne;3219.76;3156;3314;3212;545.93222;W;7.152218353;45.41766567;G007148E45420N;11;270
0.8478;8.0433;des Sources de l'Arc 4;2015;Haute Maurienne;3157.042969;3004;3319;3155;1290.40915;W;7.176374706;45.40233539;G007170E45398N;11;270
0.2347;3.1271;des Sources de l'Arc 3;2015;Haute Maurienne;2984.128571;2903;3092;2984.5;968.90384;W;7.171362787;45.39031444;G007170E45398N;11;270
0.0849;1.8932;des Sources de l'Arc 5;2015;Haute Maurienne;3068.607843;3013;3138;3068;669.81568;W;7.15219763;45.38511101;G007170E45398N;11;270
0.6368;5.3577;des Sources de l'Arc 2;2015;Haute Maurienne;2935.754569;2707;3212;2930;1697.58305;W;7.157809506;45.38772212;G007170E45398N;11;270
0.0584;1.5592;des Sources de l'Arc 1;2015;Haute Maurienne;3221.166667;3148;3309;3217;409.448;W;7.161178981;45.38379944;G007170E45398N;11;270
1.7369;9.8408;du Mulinet;2015;Haute Maurienne;3083.782732;2850;3302;3086;1762.03611;NW;7.151939537;45.3768116;G007144E45371N;11;315
0.1493;2.64;du Grand Mean Nord 2;2015;Vanoise;3195.738095;3085;3306;3194.5;855.47098;WNW;7.153988313;45.3681093;G007143E45363N;11;270
1.3635;11.6501;du Grand Mean Nord 1;2015;Vanoise;3082.422141;2874;3327;3087;2218.03708;WNW;7.147492616;45.36144149;G007143E45363N;11;270
0.1247;2.9512;du Grand Mean Sud;2015;Vanoise;3022.12;2888;3146;3026;858.38017;WNW;7.140233235;45.35341069;G007143E45363N;11;270
0.0058;0.4195;Superieur du Vallonnet 2;2015;Haute Maurienne;2949.5;2924;2973;2950.5;86.9918;NNW;7.06273425;45.3485854;G007087E45341N;11;0
0.0896;2.4341;de la Pointe Bonneval;2015;Haute Maurienne;2885.25;2795;2962;2880;316.07633;WNW;7.128747246;45.34676829;G007127E45347N;11;270
0.3877;4.0334;Inferieur du Vallonnet;2015;Vanoise;2584.504202;2389;2876;2584.5;1296.31693;NNW;7.086977758;45.34907383;G007088E45350N;11;0
0.126;2.1879;du Colerin 2;2015;Haute Maurienne;3385.139241;3235;3519;3375;664.96965;SSW;7.098934161;45.33021166;G007097E45329N;11;180
0.0999;3.7357;du Colerin 1;2015;Haute Maurienne;3190.806452;3118;3345;3190;389.56591;SSW;7.105582566;45.3246286;G007097E45329N;11;180
2.4153;20.6912;des Evettes;2015;Haute Maurienne;3091.367707;2808;3467;3084;1821.21794;NNW;7.116765877;45.33477572;G007119E45337N;11;0
0.0437;1.3;du Passage du Colerin;2015;Haute Maurienne;3170.875;3152;3198;3165.5;295.75049;WNW;7.108091312;45.31776175;G007108E45318N;11;270
0.124;2.4291;des Grandes Pareis 2;2015;Haute Maurienne;3151.940299;3046;3242;3147;601.7334;NW;7.114651999;45.3099572;G007109E45301N;11;315
0.221;3.3428;des Grandes Pareis 1;2015;Haute Maurienne;3063.160584;2824;3222;3087;566.88659;NW;7.112602957;45.30226836;G007109E45301N;11;315
0.0105;0.7801;La Grala de Charbonnel 2;2015;Haute Maurienne;3229;3190;3273;3224;152.32522;N;7.039025995;45.2838198;G007040E45285N;11;0
0.2779;2.9576;de l'Ouille Mouta;2015;Vanoise;2998.837209;2928;3162;2988.5;785.16468;NE;7.066462851;45.28146102;G007067E45282N;11;45
0.5423;4.8023;de Charbonnel;2015;Haute Maurienne;3463.271341;3212;3733;3453.5;844.69131;NNW;7.052496771;45.28391111;G007048E45284N;11;0
0.0129;0.6373;du Col de l'Ouille Mouta;2015;Haute Maurienne;3420.7;3392;3445;3423.5;135.24251;NE;7.060409453;45.27357292;G007062E45273N;11;45
0.6435;5.4502;d'Arnes;2015;Haute Maurienne;3125.984925;2856;3346;3140;1408.46976;NNW;7.130228498;45.27844445;G007130E45280N;11;0
0.116;2.14;d'Arberon 1;2015;Haute Maurienne;3230.575758;3149;3298;3238.5;542.45395;WNW;7.122062288;45.27426117;G007119E45275N;11;270
0.0401;2.4;d'Arberon 2;2015;Haute Maurienne;3277.4;3187;3379;3270;506.79826;WNW;7.123247576;45.27140836;G007119E45275N;11;270
0.0122;0.6035;Ouest de l'Arcelle Neuve 2;2015;Haute Maurienne;3137.25;3109;3168;3138;151.75132;NW;6.957020523;45.26685084;G006965E45268N;11;315
0.3419;4.6805;du Vieux 1;2015;Haute Maurienne;3297.867347;3021;3568;3243;824.16075;ENE;6.981150463;45.26772548;G006980E45270N;11;90
0.2276;3.6176;Ouest de l'Arcelle Neuve 1;2015;Haute Maurienne;3153.976744;3044;3270;3154;582.65414;NW;6.96474087;45.2675063;G006965E45268N;11;315
0.0532;1.4735;Baounet 2_1;2015;Haute Maurienne;3213.83871;3138;3324;3203;461.82692;NW;7.129481178;45.26485992;G007117E45255N;11;315
0.0118;0.76;Baounet 2_2;2015;Haute Maurienne;3158.75;3144;3182;3154.5;152.48843;NW;7.127319097;45.26294058;G007117E45255N;11;315
0.172;2.66;du Vieux 2;2015;Haute Maurienne;3360.836735;3301;3409;3363;518.72948;ENE;6.9855422;45.26175601;G006980E45270N;11;90
0.013;0.66;du Vieux 3;2015;Haute Maurienne;3356.666667;3320;3394;3357;151.02871;ENE;6.988322848;45.25890975;G006980E45270N;11;90
0.0043;0.5163;du Grand Fond 1;2015;Haute Maurienne;3190;3186;3195;3189.5;166.81563;NE;7.056554645;45.25921625;G007057E45259N;11;45
0.0053;0.36;du Vieux 4;2015;Haute Maurienne;3360;3327;3393;3360;61.98981;ENE;6.990422508;45.25699421;G006980E45270N;11;90
0.0054;0.6246;du Grand Fond 2;2015;Haute Maurienne;3280;3237;3359;3244;210.56807;NNW;7.059828331;45.25836438;G007057E45259N;11;0
0.0374;-179769;du Pas du Chapeau;2015;Haute Maurienne;3256.809524;3120;3303;3266;196.64158;NE;7.000204978;45.25044699;G007001E45250N;11;45
0.0339;0.9296;Nord de la Grande Felouse;2015;Haute Maurienne;3406.5;3359;3474;3410.5;211.21065;NNE;7.069036964;45.2511492;G007070E45252N;11;0
0.2194;3.1978;Baounet 1_2;2015;Haute Maurienne;3098.406015;2951;3239;3110;921.90172;NW;7.111932133;45.25042358;G007117E45255N;11;315
0.0166;0.98;Sud de la Grande Felouse;2015;Haute Maurienne;3375.5;3354;3405;3368.5;282.51359;NE;7.073218279;45.24591182;G007073E45246N;11;45
1.1305;7.8954;Baounet 1_1;2015;Haute Maurienne;3018.423803;2801;3283;3014;2639.28057;NW;7.120765525;45.25317405;G007117E45255N;11;315
0.1532;2.32;du Lamet;2015;Haute Maurienne;3339.077778;3247;3425;3339.5;451.44256;NNW;6.996620198;45.24136546;G006997E45242N;11;0
0.3112;7.0655;de Roche Michel 1;2015;Haute Maurienne;3303.489247;3160;3354;3313;873.21969;NE;7.006571307;45.24185754;G007008E45241N;11;45
0.006;0.42;de l'Arcelle 1;2015;Vanoise;3068;3051;3085;3068;115.65004;NNW;7.074453944;45.23712745;G007072E45236N;11;0
0.5437;-179769;de Derriere le Clapier 1;2015;Haute Maurienne;2995.051205;2828;3222;3009.5;1284.64911;NNE;7.087802502;45.23184503;G007090E45233N;11;0
1.3711;12.782;de Rochemelon;2015;Haute Maurienne;3130.317961;2935;3261;3155;2484.25297;NW;7.070060444;45.21873727;G007067E45221N;11;315
0.0208;0.796;du Bard;2015;Vanoise;3221.571429;3182;3256;3224;240.96893;NE;6.932962819;45.18163876;G006931E45182N;11;45
0.0314;1.0849;de Savine;2015;Haute Maurienne;3050.47619;2972;3152;3042;227.83685;NNE;6.895634647;45.17149808;G006897E45172N;11;0
0.0276;1.3903;des Aiguilles 1;2015;Haute Maurienne;2920.214286;2844;2998;2918;388.81793;NW;6.885301462;45.16278733;G006886E45163N;11;315
0.113;2.1523;Ferrand 1;2015;Haute Maurienne;3241.134328;3148;3317;3245;385.39467;WNW;6.894978913;45.14036349;G006893E45141N;11;270
0.0211;1.36;Ferrand 2;2015;Haute Maurienne;3101.545455;3052;3157;3101;442.22999;WNW;6.889903783;45.13897951;G006893E45141N;11;270
0.0499;1.302;d'Ambin 2;2015;Haute Maurienne;2925.3125;2827;3052;2913.5;378.01633;NNW;6.869354962;45.13532439;G006869E45136N;11;0
0.0726;3.4594;d'Ambin 1;2015;Haute Maurienne;3108.530612;2953;3239;3115;439.11799;NNW;6.864266136;45.13311897;G006869E45136N;11;0
0.0608;2.3655;du Sommelier 2;2015;Haute Maurienne;2973.025641;2886;3111;2960;380.42296;NNW;6.858228894;45.13452496;G006856E45134N;11;0
0.009;0.5861;des Aiguilles 2;2015;Haute Maurienne;2857.5;2814;2933;2843.5;175.65508;NW;6.882846001;45.16287003;G006886E45163N;11;315
0.0027;0.2146;des Aiguilles 4;2015;Haute Maurienne;2919;2897;2941;2919;74.78037;NW;6.880792952;45.16189002;G006886E45163N;11;315
0.0081;0.668;des Aiguilles 3;2015;Haute Maurienne;3056;2984;3125;3057.5;193.86048;NW;6.888811273;45.1633477;G006886E45163N;11;315
0.402;4.6679;de l'Arcelle Neuve;2015;Haute Maurienne;3289.334711;2996;3546;3303;1313.04573;NW;6.973926637;45.27114856;G006974E45273N;11;315
0.0109;0.6399;de Roche Michel 2;2015;Haute Maurienne;3147.25;3094;3178;3158.5;109.00428;NE;7.012469854;45.24502049;G007008E45241N;11;45
0.0172;1.0569;de l'Arcelle 2;2015;Vanoise;3296.555556;3274;3328;3293;76.61884;NNW;7.074665386;45.23429485;G007072E45236N;11;0
0.0134;0.7687;La Grala de Charbonnel 1;2015;Haute Maurienne;3087.75;3066;3109;3093.5;202.3484;N;7.039088833;45.28624609;G007040E45285N;11;0
0.0368;1.3166;de Derriere le Clapier 2_1;2015;Haute Maurienne;3394.608696;3357;3441;3394;166.5898;NNE;7.080613287;45.22706211;G007090E45233N;11;0
0.0105;0.5345;de Derriere le Clapier 2_2;2015;Haute Maurienne;3356.4;3345;3371;3357;141.36043;NNE;7.082856271;45.22679623;G007090E45233N;11;0
0.0227;1.0226;de Derriere le Clapier 3;2015;Haute Maurienne;3110.846154;3075;3162;3102;362.26692;NNE;7.100346581;45.23632021;G007090E45233N;11;0
1.1301;7.2138;du Grand Fond;2015;Haute Maurienne;3332.764451;3016;3591;3360;2051.33635;SSW;7.090924286;45.3346945;G007097E45329N;11;180
1.1732;12.8184;Superieur du Vallonnet 1;2015;Haute Maurienne;3225.482219;2841;3445;3264;1373.8324;NNW;7.081943351;45.3423297;G007087E45341N;11;0
0.3122;4.161;de Bassagne;2015;Haute Vallee de l'Isere;3153.118919;3008;3292;3142;1208.29835;WSW;7.097096424;45.46784568;G007095E45468N;11;270
0.0057;0.6264;des Sources de l'Arc 6;2015;Haute Maurienne;3001.6;2983;3013;3001;207.68386;W;7.14550165;45.38637374;G007170E45398N;11;270
0.0391;1.4961;des Sources de l'Isere 2_2;2015;Haute Vallee de l'Isere;3101.956522;3067;3150;3099;415.41455;NNW;7.092693564;45.43460382;G007101E45442N;11;0
0.0042;0.4068;de la Galise;2015;Haute Vallee de l'Isere;2919;2917;2921;2919;108.72009;WSW;7.095975496;45.46153238;G007095E45463N;11;270
0.0574;1.4349;Glacier Ouest de Marinet 2;2015;Ubaye;2925;2740;3110;2925;513.38247;NNE;6.859353564;44.55165783;G006862E44550N;21;0
0.1256;2.1329;Glacier Ouest de Marinet 1;2015;Ubaye;2925;2740;3110;2925;595.36473;NNE;6.862240654;44.55036071;G006862E44550N;21;0
0.1086;2.9353;Glacier de Chauvet_1 ou du Fond de Chauvet;2015;Ubaye;3030;2870;3190;3030;1037.08869;WNW;6.84745758;44.54877836;G006851E44548N;21;270
0.0288;0.8806;Glacier de Chauvet_2 ou de la Pointe Chauvet;2015;Ubaye;3025;2880;3170;3025;259.36249;WNW;6.844671381;44.54630256;G006851E44548N;21;270
0.0278;0.9979;Glacier Est de Marinet;2015;Ubaye;2925;2740;3110;2925;231.76262;NNE;6.870594798;44.54863649;G006862E44550N;21;0
0.1772;4.5772;du Sommelier 1;2015;Haute Maurienne;3077.396226;2920;3248;3068.5;537.19136;NNW;6.850756509;45.13056986;G006856E45134N;21;0
0.0132;0.8202;d'Etache;2015;Haute Maurienne;3070;3058;3086;3068.5;154.70018;NNE;6.834644759;45.13816116;G006833E45140N;21;0
