Area;Perimeter;Glacier;Annee;Massif;MEAN_Pixel;MIN_Pixel;MAX_Pixel;MEDIAN_Pix;Length;Aspect;x_coord;y_coord;GLIMS_ID
0.73724559;7.55015061;du Ruan;1986;Aiguilles Rouges;2552.528529;2314;2829;2551;1938.320885;W;6.88899;46.1186;G006889E46119N
0.09462308;2.09770907;du Cheval Blanc;1986;Aiguilles Rouges;2617.538462;2536;2746;2606;408.6727688;NNW;6.86606;46.0521;G006866E46052N
0.00987081;0.54178833;des Beaux;1986;Aiguilles Rouges;2814.461538;2787;2844;2813;197.6983505;W;6.84511;46.0204;G006845E46020N
0.06396645;2.10388439;du Buet;1986;Aiguilles Rouges;2899.803571;2802;3000;2898.5;503.2220396;WNW;6.84692;46.024;G006847E46024N
0.34518882;5.9222166;de Tre les Eaux;1986;Aiguilles Rouges;2440.846512;2261;2711;2429;935.7944016;ENE;6.86168;46.0291;G006862E46029N
0.16305992;3.72473366;de Beugeant;1986;Aiguilles Rouges;2628.033898;2501;2764;2635.5;546.7133077;NW;6.88681;45.9953;G006887E45995N
0.17493603;2.2814193;d'Anneuley;1986;Aiguilles Rouges;2542.896825;2400;2664;2543.5;511.4371208;NNW;6.87951;45.9935;G006880E45993N
0.07960285;2.14105252;du Mort;1986;Aiguilles Rouges;2633.755556;2440;2747;2634;688.6189051;NNE;6.86457;45.9901;G006865E45990N
0.18314481;3.00205553;de Berard;1986;Aiguilles Rouges;2462.48366;2244;2704;2461;871.3933246;NNW;6.87076;45.992;G006871E45992N
0.16116953;2.75440425;du Belvedere;1986;Aiguilles Rouges;2682.175258;2588;2763;2689;599.7062228;E;6.87682;45.9851;G006877E45985N
0.04322792;1.50175201;des Dards;1986;Aiguilles Rouges;2664.304348;2636;2686;2664;389.6714544;WNW;6.87149;45.9844;G006871E45984N
0.16306961;2.4579969;de la Floria;1986;Aiguilles Rouges;2528.317073;2355;2663;2533;617.4882209;NNW;6.8621;45.9757;G006862E45976N
8.48969905;27.08086733;du Tour;1986;Mont Blanc;2877.906708;2139;3578;2885;4262.078734;NW;6.98808;45.9867;G006988E45987N
0.05236458;1.67451048;du Passon;1986;Mont Blanc;2882.577778;2816;3026;2868;560.0530984;WSW;6.9858;45.9732;G006986E45973N
0.14399759;2.70058368;Adams Reilly;1986;Mont Blanc;3011.518248;2720;3325;2996;889.835613;W;6.98953;45.9687;G006990E45969N
0.04288062;1.25208173;du Trident;1986;Mont Blanc;3043.488889;2986;3103;3047;268.4523534;SSW;6.99437;45.9645;G006994E45965N
1.15608643;9.50140218;du Chardonnet;1986;Mont Blanc;3103.309598;2555;3770;3110.5;2170.99278;W;7.003;45.9603;G007003E45960N
0.43292838;5.55575401;du Milieu;1986;Mont Blanc;3200.97076;2783;3743;3209;1892.717753;SW;7.00837;45.9541;G007008E45954N
14.59135234;63.13966136;d'Argentiere;1986;Mont Blanc;2663.475874;1479;3741;2704;9368.38851;NW;6.98505;45.9506;G006985E45951N
0.26486814;3.81583099;des Grands Montets;1986;Mont Blanc;3142.373737;2857;3321;3158.5;994.3390184;W;6.95524;45.9462;G006955E45946N
0.59664711;5.08099239;de la Pendant;1986;Mont Blanc;2794.612466;2501;3153;2790;1202.794174;NW;6.95169;45.9514;G006952E45951N
0.29377833;3.50761837;de Lognan;1986;Mont Blanc;2794.44186;2485;3108;2809;1295.507936;NNW;6.95676;45.9549;G006957E45955N
0.79268689;7.14258457;du Nant Blanc;1986;Mont Blanc;2709.459813;2247;3188;2706;2015.743028;WNW;6.95103;45.9386;G006951E45939N
0.11421869;2.47129122;des Drus;1986;Mont Blanc;2587.88764;2464;2748;2580;736.2150734;WNW;6.9466;45.9328;G006947E45933N
0.4368787;7.1966592;de la Charpoua;1986;Mont Blanc;2865.984894;2394;3295;2913;1755.605463;WSW;6.95454;45.9267;G006955E45927N
0.03863076;1.01622293;du Moine;1986;Mont Blanc;2838.151515;2801;2903;2836;245.8277271;SSE;6.96129;45.9123;G006961E45912N
7.97716867;35.56848045;de Talefre;1986;Mont Blanc;3029.738372;2276;3723;3027.5;5016.125892;WSW;6.99182;45.9127;G006992E45913N
0.10302226;1.76196217;de l'Aiguille de l'Eboulement;1986;Mont Blanc;3421.841463;3208;3535;3453.5;411.1719032;NW;7.00008;45.8945;G007000E45895N
0.40704573;6.16705056;Pierre Joseph;1986;Mont Blanc;3061.284698;2693;3357;3083;1200.234541;W;6.99352;45.8958;G006994E45896N
0.11718385;1.98678084;de l'Aiguille du Tacul;1986;Mont Blanc;3174.166667;3005;3313;3177.5;435.1749907;NW;6.95963;45.8869;G006960E45887N
0.20178416;2.94118264;du Capucin;1986;Mont Blanc;2717.598901;2375;3056;2717.5;1067.922437;NE;6.9689;45.8881;G006969E45888N
0.60735743;6.4045956;des Nantillons;1986;Mont Blanc;2800.571734;2348;3300;2770;1646.945146;NNW;6.91202;45.9072;G006912E45907N
0.25039184;3.1720429;Trelaporte;1986;Mont Blanc;2580.368421;2458;2730;2582.5;611.337603;E;6.92767;45.9054;G006928E45905N
0.12276232;2.52459074;de la Thendia;1986;Mont Blanc;2456.936842;2274;2643;2457;469.8017796;NNE;6.92358;45.9111;G006924E45911N
0.02899364;1.00656868;de la Republique;1986;Mont Blanc;2808.8125;2713;2922;2787.5;258.6511618;NE;6.91905;45.9062;G006919E45906N
0.02885504;0.98504958;du Fou;1986;Mont Blanc;3083.033333;2956;3171;3076.5;321.4980069;NW;6.90889;45.897;G006909E45897N
0.05923483;1.99069596;du Plan;1986;Mont Blanc;3292.22;3097;3575;3253;512.501085;NW;6.90606;45.8945;G006906E45895N
0.58493112;5.43638314;de Blaitiere;1986;Mont Blanc;2564.700565;2284;3002;2539.5;1569.425889;NW;6.90117;45.9015;G006901E45901N
1.04718901;7.72562602;des Pelerins;1986;Mont Blanc;2521.658777;2184;2941;2523;1932.471408;NW;6.88947;45.8915;G006889E45892N
0.2200179;2.81505192;du Telepherique;1986;Mont Blanc;2677.78;2544;2891;2665.5;811.3887462;NNW;6.87979;45.8858;G006880E45886N
0.07098976;1.650449;Ouest de l'Aiguille du Midi;1986;Mont Blanc;3295.067797;3110;3525;3274;522.9468622;WNW;6.882;45.8767;G006882E45877N
0.16779725;2.02104663;Rond;1986;Mont Blanc;2731.794118;2574;2888;2733.5;523.6601327;WNW;6.87467;45.8795;G006875E45880N
0.47940438;6.52646294;Arete Midi Plan;1986;Mont Blanc;3388.31875;2813;3697;3429;650.4820207;NNW;6.88781;45.8821;G006888E45882N
5.29440602;19.67721578;Taconnaz;1986;Mont Blanc;3128.910301;1551;4287;3172;4868.178902;NNW;6.84404;45.8634;G006844E45863N
5.26395037;18.9442694;de Bionnassay;1986;Mont Blanc;2976.518337;1723;4289;2979;5973.630159;NW;6.81094;45.8492;G006811E45849N
0.39439774;5.27007729;du Bourgeat;1986;Mont Blanc;3039.857143;2154;3707;3085;1778.722145;NNW;6.831;45.863;G006831E45863N
0.60517283;6.62441827;de la Griaz;1986;Mont Blanc;3048.269504;2478;3788;3004;1768.203608;NW;6.82318;45.8589;G006823E45859N
0.0892393;1.73664078;de Tete Rousse;1986;Mont Blanc;3162.355932;3054;3241;3162;575.2297098;W;6.81928;45.8563;G006819E45856N
0.22898886;2.96091537;du Tricot;1986;Mont Blanc;2944.565217;2699;3269;2941;815.2051159;W;6.79949;45.837;G006799E45837N
1.3430813;11.76441699;du Miage 4;1986;Mont Blanc;2800.122605;2128;3652;2725;2943.999889;W;6.79948;45.8271;G006799E45827N
0.03172114;1.08141288;du Miage 1;1986;Mont Blanc;2419;2287;2566;2423;379.3120187;WNW;6.7847;45.8225;G006785E45822N
0.25750088;3.50277658;du Miage 2;1986;Mont Blanc;3153.215517;2695;3561;3140;985.4568769;NW;6.79162;45.8171;G006792E45817N
0.63766754;5.21248647;du Miage 3;1986;Mont Blanc;3265.179545;2769;3628;3261.5;887.6787055;N;6.79932;45.8194;G006799E45819N
0.66486675;5.6059016;d'Armancette;1986;Mont Blanc;3078.178423;2529;3600;3085.5;1842.116183;W;6.7782;45.8085;G006778E45809N
0.76814912;6.14645527;de Covagnet;1986;Mont Blanc;3068.338211;2273;3635;3069;1812.17342;NW;6.78311;45.8173;G006783E45817N
9.12063595;33.79323559;de Tre la Tete;1986;Mont Blanc;2903.685106;2023;3838;2907;7334.728713;WSW;6.78358;45.7843;G006784E45784N
0.17226699;3.2593261;de la Berangere;1986;Mont Blanc;3170.902439;3050;3342;3165;985.2155462;SSW;6.77575;45.7988;G006776E45799N
0.08010206;1.20406595;de la Petite Aiguille des Glaciers;1986;Mont Blanc;3267.761905;3135;3380;3262;421.9397573;SSE;6.80402;45.7691;G006804E45769N
1.79545453;9.4272426;des Glaciers;1986;Mont Blanc;3060.267742;2412;3663;3057.5;2869.737309;SSW;6.79392;45.7685;G006794E45769N
0.07565047;1.30510294;d'Enclave;1986;Mont Blanc;2832.12;2773;2891;2836;302.5904398;SSE;6.75315;45.7602;G006753E45760N
0.42557999;3.22795105;des Lanchettes;1986;Mont Blanc;2677.269565;2514;2836;2687.5;965.116882;SSE;6.76355;45.7647;G006764E45765N
0.3959946;4.05434766;du Mont Tondu;1986;Mont Blanc;2822.127907;2558;3084;2822.5;1353.876454;NE;6.76178;45.7719;G006762E45772N
0.05770836;1.47176875;de la Pyramide Chaplan;1986;Mont Blanc;2917.88;2857;2974;2916;426.0175057;NNW;6.7551;45.7708;G006755E45771N
0.14362661;2.9249328;du Col des Chasseurs;1986;Mont Blanc;2709.245455;2550;2835;2705.5;563.1418758;N;6.75524;45.7732;G006755E45773N
0.06092782;1.90183338;du Petit;1986;Vanoise;2734.764706;2667;2848;2731;341.9250426;NW;6.96476;45.6485;G006965E45648N
0.58200893;3.70047614;du Grand;1986;Vanoise;3015.504951;2793;3201;3015;1052.807793;WNW;6.985;45.6419;G006985E45642N
1.03339255;7.3481784;de l'Invernet;1986;Vanoise;2945.346789;2600;3362;2942;1855.663531;WNW;6.98624;45.6338;G006986E45634N
0.08760047;2.12135081;d'Archeboc;1986;Vanoise;3164.876923;3079;3212;3171;391.7806223;SW;6.98459;45.5798;G006985E45580N
0.29129661;2.56928921;de l'Argentiere 1;1986;Vanoise;2948.671533;2871;3055;2945;628.0407545;SW;6.97381;45.5852;G006974E45585N
0.01307379;0.55061274;de Bellecote 1;1986;Vanoise;3001.333333;2989;3014;3001;190.5562888;W;6.77045;45.4972;G006770E45497N
0.08256519;1.41497613;de Bellecote 2;1986;Vanoise;3080.359375;3005;3192;3067;506.1525032;WNW;6.7745;45.4952;G006774E45495N
0.3077244;2.78888695;de la Chiaupe;1986;Vanoise;3097.658824;2994;3227;3095.5;628.0632899;WNW;6.77626;45.4882;G006776E45488N
0.542689;4.80273618;du Cul du Nant;1986;Vanoise;3150.607973;2939;3348;3148;1299.488488;SE;6.78425;45.4866;G006784E45487N
0.13293656;2.30923545;Gros Glacier;1986;Vanoise;3108.162963;2837;3302;3108;615.1727637;NNE;6.7907;45.4939;G006791E45494N
0.22503732;4.13625458;du Midi de Bellecote;1986;Vanoise;2933.523529;2769;3217;2922;1219.485182;SE;6.79611;45.4873;G006796E45487N
0.32364466;3.71425763;des Picheres;1986;Vanoise;3160.242424;3011;3291;3156;879.5268254;ENE;6.80333;45.4934;G006803E45493N
0.05851495;1.4200279;de Pepin;1986;Vanoise;3027.773585;2856;3162;3021;506.7746812;N;6.80388;45.496;G006804E45496N
0.89400234;4.42347071;Inferieur des Balmes;1986;Vanoise;2535.713826;2360;2821;2524;1329.336917;NNW;6.97222;45.5492;G006972E45549N
1.71582202;7.9501725;Superieur des Balmes;1986;Vanoise;3257.439922;2774;3545;3273.5;1763.896011;NNW;6.98494;45.5377;G006985E45538N
2.22245329;7.7767716;de la Sassiere;1986;Vanoise;3189.940621;2772;3593;3196;2341.475238;NW;6.98847;45.5152;G006988E45515N
0.17105313;2.09892379;du Varet;1986;Vanoise;3005.553846;2863;3167;3004.5;687.273897;N;6.84944;45.5563;G006849E45556N
0.56651892;4.58573908;du Grand Col;1986;Vanoise;3018.585812;2634;3408;3024;1656.938368;NNE;6.85108;45.5426;G006851E45543N
0.228583;2.45418865;du Grand Rocher (?);1986;Vanoise;3217.928205;2861;3469;3241;859.4522342;N;6.85906;45.5382;G006859E45538N
0.44475078;3.76856145;de Turia;1986;Vanoise;2846.813505;2592;3105;2831;1280.733251;N;6.86509;45.542;G006865E45542N
0.64073072;5.28611635;du Geay;1986;Vanoise;3215.308765;2723;3716;3246;1883.159907;W;6.84987;45.5323;G006850E45532N
0.83037204;5.63497338;Nord de la Gurraz;1986;Vanoise;3003.742593;2547;3442;3003;2230.101096;ENE;6.87229;45.5354;G006872E45535N
1.90566732;8.38001948;Sud de la Gurraz;1986;Vanoise;2971.184322;2234;3534;3016.5;3319.176571;NE;6.87363;45.5307;G006874E45531N
0.04896509;1.00161656;du Pretre;1986;Vanoise;3299.676923;3171;3413;3299;288.3951923;W;6.86364;45.5179;G006864E45518N
0.07974721;1.36251985;du Carro;1986;Vanoise;2795.235294;2726;2926;2783.5;396.3072078;SW;6.85408;45.5207;G006854E45521N
1.05064688;7.97652219;de Savinaz;1986;Vanoise;3027.940928;2316;3567;3085;2604.333197;ENE;6.87952;45.521;G006880E45521N
0.51027868;5.0058085;de la Martin;1986;Vanoise;2944.564045;2460;3408;2941;1872.517223;NE;6.88294;45.5181;G006883E45518N
0.33896009;3.19676893;de l'Inverneau;1986;Vanoise;2819.630282;2523;3067;2835.5;938.5506343;ENE;6.88775;45.5145;G006888E45514N
0.59239146;4.79739107;des Platieres;1986;Vanoise;3060.697826;2579;3449;3091.5;1464.982319;NW;6.85706;45.5122;G006857E45512N
0.14973157;2.02141334;Suspendu 1;1986;Vanoise;3224.784722;2997;3361;3232.5;590.0133799;SSE;6.86956;45.5068;G006870E45507N
1.29296359;8.08844654;de Rhemes Golette;1986;Vanoise;3149.556017;2860;3570;3127.5;1620.971737;NNW;7.04512;45.4873;G007045E45487N
0.19846822;2.77964716;du Santel;1986;Vanoise;3192.772727;2995;3429;3176;1021.246649;NW;7.03531;45.4795;G007035E45480N
0.17728296;2.76985009;du Couart Dessus;1986;Vanoise;3299.846715;3117;3477;3310;905.5814442;S;7.04227;45.4749;G007042E45475N
0.13586226;2.90741227;de Bazel;1986;Vanoise;3268.037037;3118;3396;3279.5;559.4689819;SW;7.05643;45.4694;G007056E45469N
0.16313744;3.40396633;de Rhemes-Calabre;1986;Vanoise;3013.992188;2842;3144;3028.5;904.4821673;SSE;7.06765;45.4703;G007068E45470N
0.20849887;3.02226196;de Calabre;1986;Vanoise;3062.102564;2960;3166;3058;736.000426;SW;7.0839;45.47;G007084E45470N
0.38358739;3.55267448;de Bassagne;1986;Vanoise;3124.820961;2949;3296;3123;1178.264468;WSW;7.09514;45.4681;G007095E45468N
0.10091931;2.33692904;de la Galise 3;1986;Vanoise;2929.526316;2830;3003;2929.5;506.9065187;WSW;7.0949;45.4634;G007095E45463N
0.03872948;1.13879356;de la Galise 2;1986;Vanoise;2904.655172;2881;2931;2905;224.9773618;W;7.09509;45.4593;G007095E45459N
0.0533702;1.37363009;de la Galise 1;1986;Vanoise;2899.166667;2872;2939;2896.5;446.6559509;WSW;7.09776;45.4569;G007098E45457N
2.7374496;16.25496571;des Sources de l'Isere;1986;Vanoise;3065.672593;2677;3444;3067;2367.768157;NNW;7.10087;45.4416;G007101E45442N
0.10381689;2.00931831;du Grand Vallon 1;1986;Vanoise;3035.232143;2899;3184;3025;600.3618054;NNE;7.04592;45.4362;G007046E45436N
0.32147522;4.78904969;du Col Pers;1986;Vanoise;2988.471616;2833;3210;2981;583.4460933;NNW;7.05886;45.4339;G007059E45434N
0.18549141;3.23460769;Pers 3;1986;Vanoise;3067.322785;2839;3300;3060.5;877.2265434;NNE;7.06522;45.4322;G007065E45432N
0.4502347;4.42392841;Pers 2;1986;Vanoise;3024.950704;2826;3305;3005;1030.315538;N;7.07025;45.4319;G007070E45432N
1.11627099;9.03161472;du Grand Pisaillas;1986;Vanoise;3158.521739;3017;3332;3157.5;1127.764008;WNW;7.06244;45.4265;G007062E45426N
1.25888262;10.94204015;du Montet;1986;Vanoise;3127.812698;2968;3318;3126;1034.36577;ENE;7.07509;45.421;G007075E45421N
0.24824795;3.09035362;du Gros Caval;1986;Vanoise;3040.613402;2872;3227;3030.5;984.6597585;NNW;7.08282;45.4367;G007083E45437N
0.20668632;2.73504386;Pers 1;1986;Vanoise;3041.994118;2915;3195;3035.5;516.6546653;NNW;7.07792;45.4336;G007078E45434N
0.13082932;3.39772491;de l'Ouille Noire;1986;Vanoise;2961.235294;2924;3016;2957.5;533.4054353;WNW;7.06354;45.4059;G007064E45406N
0.01077794;0.60039467;du Vallonnet 3;1986;Vanoise;3100.5625;3058;3125;3102;118.4227044;NE;6.75509;45.406;G006755E45406N
0.02067256;0.83782547;du Vallonnet 2;1986;Vanoise;2945.346154;2864;3022;2948;287.703824;ENE;6.75708;45.4088;G006757E45409N
0.21672147;3.64910307;de la Patinoire;1986;Vanoise;2573.842105;2511;2695;2569.5;667.1030455;S;6.76523;45.4075;G006765E45407N
0.05298901;1.80181945;de la Vuzelle 2;1986;Vanoise;3050.766667;2911;3187;3046;499.5484121;W;6.75484;45.4179;G006755E45418N
0.01283409;0.48699156;de la Vuzelle 1;1986;Vanoise;3270.461538;3246;3297;3268;146.219258;SW;6.7593;45.4171;G006759E45417N
1.30080517;7.13513425;des Volnets;1986;Vanoise;2981;2654;3303;2980;1300.173287;NE;6.76314;45.4239;G006763E45424N
0.43227111;4.92310498;de Troquairou;1986;Vanoise;3013.26;2599;3352;3036;1308.135797;NE;6.75841;45.4274;G006758E45427N
0.12773093;1.81827611;de Becca Motta;1986;Vanoise;2857.062016;2719;3023;2850;563.1800795;NNE;6.7537;45.4315;G006754E45431N
0.20791779;2.55752033;de la Roche du Tougne;1986;Vanoise;2908.402116;2650;3120;2894;957.3065548;NE;6.78209;45.4186;G006782E45419N
0.24162422;2.27934769;Nord de la Gliere 2;1986;Vanoise;2730.382979;2599;2920;2717.5;718.0876826;N;6.78811;45.4181;G006788E45418N
0.36254501;3.22026062;Nord de la Gliere 1;1986;Vanoise;2655.681004;2436;2935;2648;1233.908041;N;6.7969;45.418;G006797E45418N
0.1850508;2.9386657;Sud de la Gliere;1986;Vanoise;2991.169811;2842;3135;2992;715.4163286;WSW;6.78999;45.411;G006790E45411N
0.86111191;5.71804352;de la Grande Casse;1986;Vanoise;2831.758065;2607;3159;2833.5;2308.317191;SW;6.80324;45.4091;G006803E45409N
0.84593347;6.42294564;des Grands Couloirs;1986;Vanoise;3289.541329;2678;3756;3280;1845.757116;W;6.81099;45.402;G006811E45402N
1.87190808;9.49745854;de l'Epena 1;1986;Vanoise;3003.754049;2271;3831;2952.5;2491.506488;NNE;6.8282;45.4144;G006828E45414N
0.69094752;5.2102939;de Rosolin;1986;Vanoise;2819.133758;2471;3062;2819.5;1333.484676;NNE;6.84309;45.4175;G006843E45417N
1.14698634;8.03589012;de Premou;1986;Vanoise;3157.029795;2812;3542;3151;1074.071045;NW;6.86208;45.4135;G006862E45413N
1.05630931;7.75276189;de Pramort ou de Rosolin Derriere;1986;Vanoise;2598.054507;2320;2998;2579;1997.601714;NNW;6.85751;45.423;G006858E45423N
0.53719794;5.2087839;de Pramecou;1986;Vanoise;2949.433962;2777;3063;2955.5;881.0656482;NW;6.87021;45.4296;G006870E45430N
0.15421351;2.14988703;Est de Pramecou (?);1986;Vanoise;2868.391304;2751;2971;2871;442.5661848;NNE;6.8828;45.4347;G006883E45435N
0.08826825;2.20264972;de la Sana;1986;Vanoise;3224.255556;3124;3348;3225;943.8624214;SE;6.92092;45.3818;G006921E45382N
0.07386071;1.49935919;du Rocher des Barmes de l'Ours (?);1986;Vanoise;2987.17284;2852;3101;2989;424.5246636;N;6.93911;45.3861;G006939E45386N
0.88263116;6.98702671;des Barmes de l'Ours;1986;Vanoise;2954.846645;2768;3143;2956;1757.503509;NE;6.92238;45.3914;G006922E45391N
0.98913504;6.38509307;de la Leisse;1986;Vanoise;3111.36383;2842;3411;3109.5;1155.429634;NW;6.91014;45.3861;G006910E45386N
0.18884321;3.21312258;du Charbonnier;1986;Vanoise;3004.75625;2855;3213;3005;857.1507209;NW;6.89325;45.38;G006893E45380N
0.3454283;3.11630878;du Grand Vallon 2;1986;Vanoise;3082.698565;2939;3273;3074;1085.043148;NW;6.88624;45.3337;G006886E45334N
0.07153413;1.16085784;de Pisselerand;1986;Vanoise;3309.473684;3250;3373;3309;339.4950797;ESE;6.89443;45.3274;G006894E45327N
2.44642569;9.4764566;du Vallonnet 1;1986;Vanoise;3223.821862;2761;3498;3238.5;2010.593738;NNE;6.90355;45.3351;G006904E45335N
0.18122703;2.49276044;des Broes;1986;Vanoise;3125.44385;2808;3374;3142;873.0126881;N;6.90955;45.3462;G006910E45346N
0.81141002;4.94855839;du Vallonbrun;1986;Vanoise;3107.431452;2798;3468;3092;1602.778514;NW;6.94831;45.3365;G006948E45337N
1.0859407;7.08018937;de Gefret;1986;Vanoise;3050.502381;2820;3329;3046.5;1189.16399;NNW;6.95574;45.3436;G006956E45344N
0.18073885;2.26101958;de Lechours;1986;Vanoise;3057.955414;2917;3222;3049;556.5014404;N;6.96824;45.3517;G006968E45352N
1.1979542;7.518031;de Mean Martin;1986;Vanoise;3052.971496;2832;3322;3046;1745.756909;NE;6.97955;45.3465;G006980E45346N
0.71840576;6.40167891;des Roches Blanches;1986;Vanoise;3053.625899;2891;3239;3053.5;1208.111153;NW;6.97889;45.3632;G006979E45363N
1.07810236;5.56833767;des Fours;1986;Vanoise;3030.338266;2774;3306;3025;968.287615;N;6.99014;45.3723;G006990E45372N
0.54341487;3.62673942;des Roches;1986;Vanoise;3045.371429;2846;3234;3048;1154.043435;ENE;7.00515;45.3695;G007005E45370N
0.04224337;0.95012916;de Bezin;1986;Vanoise;2961.060606;2917;3011;2960;233.0699913;NNE;7.00898;45.3826;G007009E45383N
0.0739677;1.5957293;du Fond 1;1986;Vanoise;2956.509434;2911;3010;2954;390.7417082;N;7.00878;45.3894;G007009E45389N
0.08825831;2.46134278;de la Jave 1;1986;Vanoise;2865.811594;2821;2914;2862;336.3131565;NE;7.01203;45.3956;G007012E45396N
0.0198368;0.71776189;de la Jave 2;1986;Vanoise;2882.916667;2853;2907;2884.5;215.1524258;NE;7.01544;45.3945;G007015E45395N
0.42872439;3.72305865;de Belle Place;1986;Vanoise;3015.672078;2795;3250;3016;991.2549855;NE;6.7671;45.2898;G006767E45290N
0.14353152;2.99039233;du Coin du Covard;1987;Vanoise;2923.664179;2790;3113;2899;710.7301905;SSE;6.76;45.282;G006760E45282N
0.37562173;4.4014775;de Labby;1986;Vanoise;3142.075556;2996;3292;3140;794.6423012;W;6.73332;45.2913;G006733E45291N
2.40711748;11.57836734;Genepy;1986;Vanoise;3102.613475;2570;3547;3109.5;1885.748995;NW;6.72711;45.3095;G006727E45309N
1.93418684;10.13116375;du Grand Marchet;1986;Vanoise;3026.967742;2801;3234;3026;1523.012876;NW;6.76485;45.3614;G006765E45361N
2.90992068;9.52880559;de l'Arcelin;1986;Vanoise;2930.905009;2602;3236;2935;3014.441103;N;6.78025;45.3692;G006780E45369N
0.06926457;1.54764275;du Lac de la Roche Ferran (?);1986;Vanoise;2962.15942;2884;3106;2953;207.6056343;ESE;6.7846;45.3587;G006785E45359N
0.42338167;4.49083003;de la Rechasse;1986;Vanoise;2983.20524;2819;3165;2982;579.8587778;N;6.79854;45.3761;G006799E45376N
0.07406927;1.74905122;de Roche Noire;1985;Thabor;2819.986301;2740;2930;2815;489.1059443;NE;6.54361;45.1472;G006544E45147N
0.31722654;4.25141061;de la Masse;1987;Vanoise;2870.878788;2591;3188;2880;1099.222;NNW;6.6761;45.2736;G006676E45274N
0.21752893;2.70322172;de Polset Est;1987;Vanoise;3084.067039;2926;3269;3081;831.0851358;SE;6.64674;45.2754;G006647E45275N
0.04164511;0.98669727;de Polset Centre;1987;Vanoise;3305.45098;3235;3413;3301;300.9341081;SE;6.64001;45.2738;G006640E45274N
3.6481647;17.47192435;de Chaviere;1987;Vanoise;3114.344444;2792;3447;3114.5;3315.02538;SSE;6.61544;45.2658;G006615E45266N
0.94114993;8.01595933;du Bouchet;1987;Vanoise;3036.605544;2758;3355;3033;1669.487097;NW;6.602;45.262;G006602E45262N
0.46044774;4.92788551;de Thorens;1987;Vanoise;3000.1;2846;3191;2992.5;733.8872608;NNW;6.60633;45.2682;G006606E45268N
0.19544617;2.53695676;de Bonmartin;1985;Vanoise;3079.976923;2994;3194;3082.5;475.9607101;ENE;6.61603;45.2429;G006616E45243N
0.07261584;1.43928114;des Saints Peres;1987;Vanoise;3074.424242;2991;3181;3066.5;381.1159605;NW;6.60951;45.2807;G006610E45281N
0.55894049;5.43320474;Face Ouest;1987;Vanoise;3128.177528;2765;3499;3136;1353.255827;NW;6.61316;45.2846;G006613E45285N
0.41318606;4.11013353;de Peclet;1987;Vanoise;3117.973597;2916;3358;3111;936.940939;NW;6.61767;45.2887;G006618E45289N
3.69417241;14.69783369;Gebroulaz;1987;Vanoise;3031.998847;2589;3470;3033;4409.918883;N;6.62902;45.2947;G006629E45295N
0.39135953;3.74514221;de Polset Ouest;1987;Vanoise;3240.013393;3071;3411;3236.5;979.714247;SE;6.63056;45.2709;G006631E45271N
0.28340078;2.79434979;du Borgne;1986;Vanoise;2943.080214;2820;3082;2942;596.0768637;N;6.60884;45.3092;G006609E45309N
0.68765664;7.32232048;des Grandes Pareis;1986;Vanoise;3073.549451;2727;3374;3088.5;991.9622749;NW;7.1085;45.3008;G007109E45301N
0.06715061;1.48591024;des Audras (?);1986;Vanoise;3181.018519;3147;3213;3180.5;365.1235974;WNW;7.1081;45.3178;G007108E45318N
0.44889435;6.09174439;du Colerin;1986;Vanoise;3269.11236;3090;3513;3259;835.2000899;SSW;7.09701;45.329;G007097E45329N
1.12015569;6.69045164;du Grand Fond;1986;Vanoise;3253.037773;2965;3575;3259;2288.656458;W;7.08764;45.3351;G007088E45335N
1.71046462;12.13361618;Superieur du Vallonnet;1986;Vanoise;3173.7;2813;3550;3183.5;2577.082076;NNW;7.08692;45.3409;G007087E45341N
0.74442504;6.18201202;Inferieur du Vallonnet;1986;Vanoise;2620.430524;2348;3011;2613;2015.724158;NNW;7.08795;45.35;G007088E45350N
3.54489339;15.2961865;des Evettes;1986;Vanoise;3013.070358;2561;3464;3016;2664.789779;NNW;7.11929;45.3366;G007119E45337N
0.19938056;3.41698822;de la Pointe Bonneval (?);1986;Vanoise;2907.790419;2764;3080;2909;587.6445967;WNW;7.12733;45.3468;G007127E45347N
0.29202091;3.14870719;du Grand Mean Sud;1986;Vanoise;3037.161417;2805;3240;3039.5;475.6154662;NNW;7.13563;45.3531;G007136E45353N
2.39329301;12.28097532;du Grand Mean Nord;1986;Vanoise;3079.675676;2805;3347;3080;2656.164502;WNW;7.14293;45.3633;G007143E45363N
2.92501493;11.73084004;du Mulinet;1986;Vanoise;3013.493849;2710;3320;3013;2323.606478;NW;7.14375;45.3715;G007144E45371N
0.08206234;2.3372837;des Trois Becs;1986;Vanoise;3102.301587;3041;3168;3104;453.4326621;WSW;7.16217;45.4089;G007162E45409N
0.0541455;1.60762727;de Levanna (?);1986;Vanoise;3205.28;3139;3288;3198;492.0343235;SSW;7.15484;45.4131;G007155E45413N
0.65938184;7.09197036;de Derriere les Lacs;1986;Vanoise;3148.968627;3014;3317;3145;1372.986743;W;7.14762;45.4199;G007148E45420N
2.58065779;12.6635731;du Baounet;1986;Vanoise;3034.549057;2769;3303;3034.5;2920.736716;NW;7.11705;45.2555;G007117E45255N
0.40951773;4.96913174;du Col Martelli (?);1986;Vanoise;3211.426282;2992;3482;3206.5;709.5493833;WNW;7.12676;45.263;G007127E45263N
0.43415595;6.71658276;d'Arberon;1986;Vanoise;3198.334437;2968;3474;3191.5;1309.127354;WNW;7.11941;45.2753;G007119E45275N
1.24764273;8.08297163;d'Arnes;1986;Vanoise;3105.749091;2783;3499;3098.5;1682.367782;NNW;7.13035;45.2801;G007130E45280N
0.083114;1.68399074;du Col d'Ouille Mouta (?);1986;Vanoise;3416.527778;3337;3497;3411.5;293.2365809;NE;7.06201;45.2735;G007062E45273N
0.67743472;5.33509377;de Charbonnel;1986;Vanoise;3415.494382;3082;3723;3425;1207.79873;NNW;7.04849;45.2838;G007048E45284N
0.33238872;3.29316026;de la Grala de Charbonnel;1986;Vanoise;3119.286885;2929;3327;3116.5;875.6408678;N;7.04017;45.2854;G007040E45285N
0.14621986;2.39766013;du Grand Fond (?);1986;Vanoise;3240.9375;3076;3392;3236.5;793.1436835;NNW;7.05655;45.2587;G007057E45259N
0.07764795;1.51205521;Nord de la Grande Felouse (?);1986;Vanoise;3389.701493;3228;3462;3401;346.4251874;NNE;7.07005;45.2522;G007070E45252N
0.10742118;2.46489725;Sud de la Grande Felouse (?);1986;Vanoise;3330.012195;3151;3403;3347;599.9911331;NE;7.07285;45.2465;G007073E45246N
2.23671747;10.0457851;de Rochemelon;1988;Vanoise;3094.51831;2890;3285;3097;2496.365847;NW;7.06749;45.2208;G007067E45221N
0.75763341;5.22919878;de Derriere le Clapier;1988;Vanoise;3003.544343;2781;3191;3003;1337.584805;NNE;7.08997;45.2332;G007090E45233N
0.30497629;3.26398657;de l'Arcelle;1988;Vanoise;3165.972656;2936;3416;3163.5;724.999932;NNW;7.07164;45.236;G007072E45236N
0.08066283;1.47367431;du Pas du Chapeau (?);1988;Vanoise;3313.04878;3202;3385;3314.5;268.9525866;NE;7.00137;45.2496;G007001E45250N
0.18559848;2.31136244;du Lamet;1988;Vanoise;3360.970803;3232;3452;3363;561.0545663;NNW;6.99685;45.2419;G006997E45242N
0.60927785;4.91835772;de Roche Michel;1985;Ecrins;3289.579882;3136;3391;3302;1030.786273;NE;7.00816;45.2413;G007008E45241N
0.23649792;2.60810547;de l'Arcelle Neuve 1;1986;Vanoise;3172.734043;3014;3324;3170.5;622.2947705;NNW;6.95656;45.2666;G006957E45267N
0.67247993;4.35783578;de l'Arcelle Neuve 3;1986;Vanoise;3247.547085;2968;3552;3243.5;1496.155106;NW;6.97412;45.2735;G006974E45273N
1.21530873;8.42667641;du Vieux;1986;Vanoise;3354.364078;3011;3578;3354.5;963.9881376;ENE;6.98042;45.2696;G006980E45270N
0.47704733;3.92327989;de l'Arcelle Neuve 2;1986;Vanoise;3172.234694;2973;3432;3168.5;822.7743575;NW;6.96498;45.2681;G006965E45268N
0.08757153;1.72375092;du Bard;1988;Vanoise;3212.077922;3125;3268;3213;556.1621016;NE;6.9314;45.1819;G006931E45182N
0.07846431;1.46616132;de Savine;1988;Vanoise;3004.684783;2893;3150;2997;413.6994686;NNE;6.89693;45.1718;G006897E45172N
0.19906996;3.01982942;des Aiguilles;1988;Vanoise;2934.782895;2799;3188;2925.5;634.8241941;NW;6.8863;45.1635;G006886E45163N
0.32425316;3.19650338;Ferrand;1988;Vanoise;3218.84;3094;3352;3216.5;534.607418;WNW;6.89265;45.1406;G006893E45141N
0.52186022;5.4808232;Sommeiller;1988;Vanoise;3037.292359;2835;3250;3034;1002.584909;NNW;6.8555;45.1338;G006856E45134N
0.14027489;2.15645878;d'Ambin;1988;Vanoise;2951.830769;2845;3117;2937.5;509.172801;NNW;6.86938;45.1356;G006869E45136N
0.23663304;3.65926856;d'Etache;1988;Vanoise;2971.4;2864;3091;2968;659.20588;NNE;6.83343;45.14;G006833E45140N
0.08476455;2.045454;de Pierre Minieu;1988;Vanoise;3067.42029;2989;3134;3072;425.0505331;N;6.79784;45.1569;G006798E45157N
0.24747678;5.26067079;du Puy Gris / Comberousse;1985;Belledonne;2559.977974;2346;2774;2553;1714.139841;ENE;6.15201;45.2974;G006152E45297N
0.30084297;4.53849376;du Gleyzin;1985;Belledonne;2581.045833;2397;2802;2574;1017.458757;NNE;6.14511;45.3022;G006145E45302N
0.10418553;2.02965442;de Clarant;1985;Belledonne;2467.424528;2350;2627;2459;543.0231529;ENE;6.15801;45.3072;G006158E45307N
0.27226662;5.1458932;de la Porte d'Eglise;1985;Belledonne;2487.019685;2260;2759;2475.5;627.4505297;N;6.13309;45.303;G006133E45303N
0.10156587;1.73606264;du Bec d'Arguille (?);1985;Belledonne;2514.990741;2383;2657;2517.5;493.3126973;ENE;6.13711;45.2729;G006137E45273N
0.03986602;1.00848431;du Pic de la Grande Valloire (?);1985;Belledonne;2697.190476;2626;2764;2695.5;277.5140439;ESE;6.13336;45.2814;G006133E45281N
0.11847463;2.85041421;d'Arguille;1985;Belledonne;2509.202899;2333;2748;2489.5;765.2636525;NNW;6.12513;45.2801;G006125E45280N
0.22678616;3.1361445;de l'Argenti√®re 2;1985;Belledonne;2691.785714;2537;2813;2692.5;741.4306228;N;6.13421;45.2479;G006134E45248N
0.19086877;3.6706269;de la Combe Madame;1985;Belledonne;2509.128205;2276;2702;2518;1096.903591;N;6.12641;45.2493;G006126E45249N
0.07158794;2.0929753;de l'Amiante;1985;Belledonne;2674.738095;2571;2805;2671.5;446.5531523;NNW;6.1027;45.2388;G006103E45239N
0.11289269;2.01092883;Ouest du Rocher Blanc (?);1985;Belledonne;2738.45;2597;2895;2734.5;419.9600485;N;6.10632;45.244;G006106E45244N
0.29014714;4.76982339;du Rocher Blanc;1985;Belledonne;2745.169591;2614;2873;2746;1144.070058;NNE;6.11552;45.243;G006116E45243N
0.30610213;3.04362751;de Freydane;1985;Belledonne;2602.86747;2427;2808;2590;622.4814685;N;5.98455;45.171;G005985E45171N
0.05331515;1.49547248;de la Sitre;1985;Belledonne;2611.425926;2531;2696;2610;239.6524821;NNW;5.95556;45.173;G005956E45173N
0.19091221;4.63608749;de Cote Blanc;1985;Grandes Rousses;3047.470968;2894;3197;3061;1007.06193;NE;6.1566;45.173;G006157E45173N
0.07843322;1.55064934;de la Cochette Nord;1985;Grandes Rousses;2889.242105;2791;3025;2881;267.9554755;NW;6.15289;45.1754;G006153E45175N
0.19482006;3.88764879;de la Cochette;1985;Grandes Rousses;2938.191489;2721;3205;2916;719.6042367;NNW;6.14859;45.1709;G006149E45171N
3.08367124;14.33357761;de Saint Sorlin;1985;Grandes Rousses;3007.066474;2654;3428;2999.5;2943.481039;NE;6.1592;45.1597;G006159E45160N
0.10595576;1.90726925;Sud de la Barbarate;1985;Grandes Rousses;3073.711712;2947;3201;3072;442.3069015;WNW;6.13716;45.1529;G006137E45153N
0.5778177;5.19450239;Nord de la Barbarate;1985;Grandes Rousses;2971.053333;2697;3252;2985;1102.128264;NW;6.1408;45.1609;G006141E45161N
2.73969245;16.94555473;des Quirlies;1985;Grandes Rousses;2971.538881;2584;3391;2970;2362.148228;ENE;6.14937;45.1426;G006149E45143N
1.8534871;16.66186923;des Rousses;1985;Grandes Rousses;3033.352113;2763;3367;3022;1032.641179;NW;6.12875;45.1405;G006129E45141N
0.94756772;8.49081884;du Grand Sablat;1985;Grandes Rousses;3021.454064;2632;3370;3031.5;1981.175453;ESE;6.13222;45.1281;G006132E45128N
0.7270162;9.00790096;de Sarenne;1985;Grandes Rousses;2995.871528;2835;3224;2991.5;1501.225351;SSW;6.12879;45.1174;G006129E45117N
0.01707596;0.66052192;du Bec de Grenier;1985;Aiguilles d'Arves;3038;3006;3104;3032;172.5358309;W;6.31156;45.1082;G006312E45108N
0.83969691;5.97256251;Lombard;1985;Aiguilles d'Arves;3163.949405;2966;3377;3162.5;1197.082215;ENE;6.32241;45.1088;G006322E45109N
0.04988321;1.75174796;du Goleon;1985;Aiguilles d'Arves;2955.235294;2870;3070;2949;646.5318942;NE;6.33395;45.0993;G006334E45099N
0.05854425;1.78783494;de la Pointe Salvador;1985;Aiguilles d'Arves;3005.428571;2966;3041;3003;480.0054515;WSW;6.33659;45.1161;G006337E45116N
0.13329415;2.57411677;de Gros Jean;1985;Aiguilles d'Arves;2964.045455;2807;3169;2927.5;688.3032168;ESE;6.33951;45.1236;G006340E45124N
0.09538668;2.14797116;des Aiguilles d'Arves;1985;Aiguilles d'Arves;3097.061947;2963;3225;3092;517.4600813;ESE;6.34062;45.1275;G006341E45127N
0.10529049;2.81145481;de la Clapiere;1985;Grand Galibier;2810.68932;2645;3116;2739;656.670592;N;6.43954;45.0655;G006440E45066N
0.00365311;0.35686231;de Combe Noire;1985;Taillefer;2703.285714;2678;2721;2709;119.2724725;NE;5.94111;45.0335;G005941E45033N
0.01636534;0.78630142;de Grain de Chalvet;1985;Taillefer;2666.764706;2641;2697;2665;174.5027675;SE;5.94049;45.0369;G005940E45037N
0.05482257;1.44335758;du Grand Armet;1985;Ecrins;2285.887097;2223;2351;2288.5;251.6838185;NE;5.93689;44.9884;G005937E44988N
0.05296148;1.61195185;Rampant / Ouest de Villard Notre Dame;1985;Ecrins;2812.202899;2641;2940;2817;497.2687555;N;6.02842;44.9838;G006028E44984N
0.13083011;3.41238698;du Rochail;1985;Ecrins;2831.661654;2711;2956;2828;547.4059917;NNE;6.03323;44.9829;G006033E44983N
0.10999548;2.60643333;de Combeynot;1985;Ecrins;2823.160305;2639;3068;2804;621.6067605;N;6.41379;45.0167;G006414E45017N
4.04791278;20.5788183;de Mont de Lans;1985;Ecrins;3083.916145;2482;3513;3097;2370.46504;NW;6.22584;45.0033;G006226E45003N
5.9881462;17.33134706;de la Girose;1985;Ecrins;3027.888784;2419;3607;3032;2891.977438;N;6.25249;45.009;G006252E45009N
0.14756586;2.70002113;Ouest de la Selle;1985;Ecrins;3229.88024;2992;3481;3248;741.747344;SSW;6.26003;44.9945;G006260E44995N
0.16421155;2.20861759;du Vallon 1;1985;Ecrins;3145.173913;2970;3302;3146;525.8237115;N;6.26827;45.0102;G006268E45010N
1.33925361;10.49452302;du Rateau;1985;Ecrins;2829.42741;2302;3728;2824;2151.209354;NNE;6.2841;45.0117;G006284E45012N
2.18857183;19.28413119;de la Selle 1;1985;Ecrins;3142.654255;2696;3749;3127.5;2131.236388;SW;6.27415;44.9919;G006256E44974N
0.03876878;1.20904661;de la Tete Sud du Replat;1985;Ecrins;3024.147059;2965;3094;3020.5;302.8212794;SSE;6.28015;44.9807;G006280E44981N
0.00992056;0.47903857;du Col du Replat;1985;Ecrins;3171.642857;3140;3213;3169.5;110.4516533;S;6.28156;44.9832;G006282E44983N
0.02411351;1.01842031;de la Breche du Rateau 2;1985;Ecrins;3163;3109;3200;3167.5;197.328727;NE;6.28544;44.9901;G006285E44990N
0.05843482;1.86678259;de la Breche du Replat;1985;Ecrins;3173.327869;3065;3261;3179;529.8622503;E;6.28548;44.9866;G006285E44987N
0.22483772;4.35320414;de la Breche du Rateau 1;1985;Ecrins;3203.076596;2958;3456;3196;936.3276675;SE;6.28729;44.9947;G006287E44995N
0.75390634;7.27250417;des Etancons 1;1985;Ecrins;3164.749495;2831;3581;3146;1252.594362;SE;6.29281;44.9981;G006293E44998N
0.33383123;7.61019974;de la Gandoliere;1985;Ecrins;3079.920266;2829;3378;3082;1049.071417;ENE;6.27759;44.9753;G006278E44975N
0.63538427;4.7800661;de la Selle 2;1985;Ecrins;2854.150812;2573;3350;2843;1121.060084;NNW;6.2559;44.9735;G006274E44992N
0.80563828;7.744543;du Plaret;1985;Ecrins;3051.89755;2778;3368;3051;1504.537738;ESE;6.2665;44.9648;G006266E44965N
0.04138593;1.07959887;Nord du Plaret;1985;Ecrins;3346.867925;3225;3444;3350;314.6311886;SSE;6.26929;44.9726;G006269E44973N
0.04587875;1.07506055;de l'Arena Suspendu;1985;Ecrins;3032.852459;2931;3127;3039;294.8538995;NE;6.27235;44.9541;G006272E44954N
0.16489477;2.46211486;de l'Arena;1985;Ecrins;2914.064103;2723;3106;2911;716.3191855;NE;6.27026;44.9567;G006270E44957N
0.04208913;1.49839193;du Col Sud du Plaret;1985;Ecrins;3100.458333;2998;3288;3090;402.5150538;W;6.25982;44.9577;G006260E44958N
0.04655886;1.60857857;Ouest de la Tete du Rouget;1985;Ecrins;2982.649123;2872;3063;2987;360.6358232;NW;6.25711;44.9543;G006257E44954N
0.04274167;1.47737691;du Col Nord du Plaret;1985;Ecrins;3176.340426;3118;3229;3174;283.6893877;W;6.26094;44.9612;G006261E44961N
0.04872768;1.25527908;Sud Est du Soreiller;1985;Ecrins;3150.5625;3089;3206;3149.5;319.4436702;WSW;6.25738;44.9648;G006257E44965N
0.06590449;1.55803133;Est du Soreiller;1985;Ecrins;3207.582278;3098;3344;3200;523.7238768;SW;6.25423;44.9671;G006254E44967N
0.29905554;3.52440059;Est du Diable;1985;Ecrins;2860.496403;2613;3232;2835.5;597.83731;N;6.24672;44.9719;G006247E44972N
0.05311102;1.26109484;du Soreiller;1985;Ecrins;2961.571429;2912;3026;2957.5;299.8187646;SSE;6.24517;44.9657;G006245E44966N
0.09264563;2.21944733;Ouest du Diable;1985;Ecrins;2912.191667;2626;3246;2924.5;543.7372488;NNW;6.23941;44.9703;G006239E44970N
0.07564056;1.561909;Ouest du Soreiller;1985;Ecrins;3012.925373;2953;3084;3003;381.5846911;S;6.23505;44.9652;G006235E44965N
0.03868635;1.1384717;Suspendu 2;1985;Ecrins;3194.702128;3067;3323;3207;314.7618116;NNE;6.22308;44.9662;G006223E44966N
0.04150254;1.07834306;de Burlan;1985;Ecrins;2686.795918;2606;2791;2680;312.2022886;N;6.21691;44.9704;G006217E44970N
0.0190473;0.66463442;du Routier Inferieur;1985;Ecrins;3008.4;2982;3025;3012;185.2915198;NNW;6.21445;44.9631;G006214E44963N
0.01076464;0.59467055;du Routier Superieur;1985;Ecrins;3103.6;3061;3144;3109;121.5486132;WSW;6.21749;44.964;G006217E44964N
0.01348972;1.0137428;du Plat;1985;Ecrins;3027.947368;2967;3099;3027;303.3056795;W;6.21675;44.9607;G006217E44961N
0.830056;9.8978586;des Etancons 2;1985;Ecrins;3175.450431;2859;3580;3152.5;1158.496029;WSW;6.31539;44.9978;G006315E44998N
2.14239839;14.64188906;de la Meije;1985;Ecrins;3076.691281;2251;3782;3093.5;2693.439853;NNE;6.2963;45.0078;G006296E45008N
1.73253947;11.0690924;du Tabuchet;1985;Ecrins;3134.601221;2519;3800;3130;2464.962742;NNE;6.32108;45.0145;G006321E45014N
0.15271968;3.04382744;du Bec;1985;Ecrins;3144.365169;2929;3414;3137;754.8710505;NNE;6.33001;45.02;G006330E45020N
0.01583461;0.78168076;Seille Vieille 3;1985;Ecrins;2663.285714;2633;2714;2650.5;116.8060578;NNW;6.34269;45.02;G006343E45020N
0.01497458;0.53644502;Seille Vieille 2;1985;Ecrins;2766.619048;2723;2818;2764;181.9635694;NE;6.3397;45.0196;G006340E45020N
0.05345825;1.34404138;Seille Vieille 1;1985;Ecrins;3019.633333;2894;3108;3024.5;429.7510432;ENE;6.33549;45.0192;G006335E45019N
0.64089008;7.40001478;de l'Homme;1985;Ecrins;3207.038655;2595;3798;3195;2214.99602;ENE;6.32871;45.0102;G006329E45010N
1.6660499;10.98697252;du Lautaret;1985;Ecrins;2911.499527;2227;3710;2925;2927.375982;NE;6.33899;45.0065;G006339E45007N
0.28404055;4.3196304;d'Armende;1985;Ecrins;2924.914384;2428;3309;2930;1100.698185;N;6.3449;45.004;G006345E45004N
0.07558566;1.26078067;le Fauteuil Glacier;1985;Ecrins;3139.072464;3042;3272;3139;287.7930839;N;6.35381;45.0031;G006354E45003N
0.05842066;1.25722453;Claire 3;1985;Ecrins;3270.982143;3171;3324;3274.5;261.2466511;SW;6.3438;44.9966;G006344E44997N
0.09637063;2.33114605;des Pichettes;1985;Ecrins;3187.911111;3105;3277;3189;412.1035915;SSE;6.34945;44.9979;G006349E44998N
0.16448227;2.57654456;Claire 1;1985;Ecrins;3432.728261;3229;3670;3435;691.1717275;ESE;6.33612;44.9981;G006336E44998N
0.03693868;1.25563058;Claire 2;1985;Ecrins;3323.833333;3196;3427;3329.5;368.9207437;ESE;6.33658;44.9945;G006337E44995N
0.20585208;2.87170477;Superieur des Cavales;1985;Ecrins;3279.12;3062;3502;3289;717.1109379;SSE;6.32449;44.9952;G006324E44995N
0.06104647;1.67203503;du Clot Boucharet;1985;Ecrins;2950.517241;2829;3068;2947.5;444.3523008;ENE;6.36075;44.9998;G006361E45000N
0.05227375;1.37440994;du Peigne;1985;Ecrins;2899.672414;2825;3004;2885.5;286.0846638;NE;6.36015;45.0037;G006360E45004N
1.21331282;10.7903734;du Clot des Cavales;1985;Ecrins;2919.293578;2518;3407;2922.5;1683.549816;NE;6.33104;44.9769;G006331E44977N
0.38778699;4.87282365;Superieur des Agneaux;1985;Ecrins;3358.687117;3119;3636;3348.5;967.7331055;ESE;6.33562;44.9677;G006336E44968N
0.40864312;7.02397106;de la Casse Deserte;1985;Ecrins;3240.890728;3031;3433;3245;1009.562234;SE;6.33238;44.962;G006332E44962N
0.71819854;9.36310212;de la Grande Ruine;1985;Ecrins;3123.525316;2841;3434;3119.5;1060.421024;WNW;6.32086;44.9652;G006321E44965N
0.05556771;1.37772252;du Bourcet;1985;Ecrins;3265.074074;3177;3347;3272.5;445.8789475;WSW;6.32077;44.9592;G006321E44959N
0.21480235;2.93017153;de Seguret d'Avant;1985;Ecrins;3216.3;3041;3356;3234;893.5742776;E;6.46224;44.923;G006462E44923N
0.05321165;2.09449994;de Clouzis;1985;Ecrins;3066.875;2960;3178;3059.5;653.7325311;E;6.4638;44.9149;G006464E44915N
0.97478881;8.70611702;de Seguret Forant;1985;Ecrins;3113.282986;2742;3446;3120.5;1749.945376;ENE;6.45745;44.9282;G006457E44928N
1.2738234;10.39667327;du Monetier 2;1985;Ecrins;3195.150442;2859;3449;3201.5;1197.264504;NNE;6.45027;44.9335;G006450E44934N
0.03062844;1.3073848;Jean Gauthier 2;1985;Ecrins;3074.181818;3020;3137;3075;241.8989577;W;6.43149;44.9402;G006431E44940N
0.018888;0.71876834;Jean Gauthier 1;1985;Ecrins;3264.153846;3226;3301;3263.5;190.6227645;SSW;6.42947;44.9449;G006429E44945N
0.02698505;0.8396269;Tuckett 2;1985;Ecrins;3466.6;3422;3507;3467;264.3699253;SSW;6.42835;44.9495;G006428E44950N
0.55981357;6.81650092;du Monetier 1;1985;Ecrins;3252.051724;2878;3490;3271.5;1277.93094;E;6.43894;44.9487;G006439E44949N
0.22397328;3.53740381;du Reou d'Arsine;1985;Ecrins;2984.369668;2746;3227;2988;867.831214;NNW;6.43061;44.9627;G006431E44963N
1.21474023;9.83978665;du Casset;1985;Ecrins;3039.298335;2288;3588;3086;2389.577901;NNE;6.43908;44.9565;G006439E44956N
0.1370388;2.68986243;des Pres les Fonts;1985;Ecrins;2882.286713;2709;3103;2871;889.5063577;NE;6.45456;44.957;G006455E44957N
2.33519328;13.68557307;d'Arsine;1985;Ecrins;2877.6639;2470;3579;2831;3228.890114;NNW;6.41631;44.9589;G006416E44959N
0.06476492;1.49400285;Tuckett 1;1985;Ecrins;3331.121622;3192;3428;3345;430.4931674;SW;6.42343;44.9495;G006423E44950N
0.07879387;3.03056123;de la Pyramide;1985;Ecrins;3073.061728;2970;3205;3072;640.7677689;S;6.41783;44.9488;G006418E44949N
0.10785114;3.04493278;du Rif de la Planche;1985;Ecrins;2975.075758;2701;3197;2982.5;985.5948017;NE;6.393;44.9674;G006393E44967N
0.02149921;0.84173878;du Dragon;1985;Ecrins;2890.235294;2842;2951;2886;268.9017694;ENE;6.38887;44.9716;G006389E44972N
0.05978664;2.12568214;de Chamoissiere;1985;Ecrins;2906.084507;2732;3069;2927;484.0136234;NE;6.3841;44.9766;G006384E44977N
2.96508246;19.13870885;de la Plate des Agneaux / de Tombe Muree;1985;Ecrins;2712.894309;2201;3377;2707.5;4472.833321;NE;6.34987;44.954;G006350E44954N
0.02505163;1.01620722;de la Somme;1985;Ecrins;3056.178571;2993;3143;3048.5;319.0696511;W;6.32659;44.9449;G006327E44945N
0.04566187;1.43951843;d'Alvau 1;1985;Ecrins;3142.396226;3068;3263;3134;403.7708669;WSW;6.33763;44.9441;G006338E44944N
0.02883724;1.18157205;d'Alvau 2;1985;Ecrins;3091.09375;3018;3193;3081.5;438.597563;WSW;6.33809;44.9416;G006338E44942N
0.06687653;2.26442235;de la Breche d'Alvau 1;1985;Ecrins;3055.8125;2995;3167;3054;489.0860421;S;6.34715;44.9406;G006347E44941N
0.01335668;0.59358324;de la Breche d'Alvau 2;1985;Ecrins;3113.5625;3098;3138;3113;114.8083887;W;6.35019;44.9405;G006350E44941N
0.34837747;6.59607173;de la Roche Faurio;1985;Ecrins;2955.54039;2495;3393;2932;1023.625279;NNW;6.36964;44.9522;G006370E44952N
5.6798329;28.62529186;Blanc;1985;Ecrins;3137.296005;2288;3982;3146;6378.406099;E;6.38187;44.9438;G006382E44944N
0.03419797;1.37744106;des Barres;1985;Ecrins;2968.625;2863;3111;2946;390.6923505;SSE;6.37088;44.9238;G006371E44924N
0.0750292;1.72926537;de la Grande Sagne;1985;Ecrins;2972.16129;2831;3110;2972;500.9582045;SSE;6.38036;44.9274;G006380E44927N
0.16107193;2.63444562;de Serre Soubeyran;1985;Ecrins;3123.814815;2890;3296;3137.5;757.628528;E;6.38995;44.9341;G006390E44934N
0.4654096;4.79850266;des Agneaux;1985;Ecrins;3218.934509;2813;3512;3236;1040.076389;NNW;6.38348;44.9602;G006383E44960N
1.90799715;12.03111715;de Bonnepierre;1985;Ecrins;2823.16092;2434;3330;2821.5;3558.570987;W;6.33741;44.9309;G006337E44931N
0.26092809;3.91683785;de la Vera Pervoz;1985;Ecrins;2829.741228;2632;3028;2830.5;1226.147679;W;6.3287;44.9191;G006329E44919N
1.31533544;9.22083537;du Vallon de la Pilatte;1985;Ecrins;3305.005755;2861;3754;3302;1518.566215;SW;6.34726;44.9191;G006347E44919N
4.36966107;28.33430097;Noir;1985;Ecrins;2767.14386;2129;3622;2758.5;4779.049075;NE;6.38298;44.9061;G006383E44906N
0.0278924;0.89998418;de la Temple 1;1985;Ecrins;3350.166667;3258;3438;3349.5;258.1070525;SW;6.3556;44.9071;G006356E44907N
0.07114524;1.97220648;de la Temple 2;1985;Ecrins;3120.597403;3041;3208;3120;531.9221794;SW;6.35251;44.9037;G006353E44904N
0.07472274;1.62395987;de la Temple 3;1985;Ecrins;3218.677419;3136;3284;3220.5;330.3311041;NW;6.35327;44.8995;G006353E44900N
0.28596748;3.23669361;de la Momie;1985;Ecrins;2789.284585;2580;3016;2778;877.6135125;NNE;6.40167;44.9099;G006402E44910N
0.96920501;11.7201347;Clot-de-l'Homme / Pelvoux / Violettes;1985;Ecrins;3357.744536;2596;3912;3432;2649.076297;NE;6.40818;44.8997;G006408E44900N
0.66516834;5.79560875;de Sialouze;1985;Ecrins;3343.647619;2980;3603;3353.5;1355.6523;S;6.39115;44.8901;G006391E44890N
0.51025236;5.98815072;du Coup de Sabre;1985;Ecrins;3222.110482;2999;3532;3221;1167.053651;SE;6.37637;44.8852;G006376E44885N
0.68935039;6.34990429;de l'Ailefroide 1;1985;Ecrins;3343.125984;2923;3770;3364.5;1382.44052;S;6.36393;44.882;G006364E44882N
0.05479758;1.20303863;Suspendu de l'Ailefroide;1985;Ecrins;3621.424242;3445;3785;3633.5;288.7311308;N;6.36047;44.8899;G006360E44890N
0.05940585;1.6841746;Long;1985;Ecrins;3220.597561;2932;3416;3246.5;511.7126191;NNW;6.34775;44.8847;G006348E44885N
0.28770401;3.99362927;de Coste Rouge;1985;Ecrins;2854.789272;2587;3209;2838;1250.554094;W;6.35113;44.8905;G006351E44891N
0.09563547;2.69855786;Gris;1985;Ecrins;3046.962963;2941;3248;3032.5;376.9779547;WNW;6.34529;44.8769;G006345E44877N
0.037864;1.01918185;de la Cime du Coin;1985;Ecrins;3370.5;3291;3427;3376;311.2754234;W;6.34893;44.8748;G006349E44875N
0.52580694;7.06486839;de l'Ailefroide 2;1985;Ecrins;3251.490862;2996;3612;3224;879.5215386;SSE;6.3556;44.8783;G006356E44878N
0.12137021;2.33190476;de l'Ailefroide 3;1985;Ecrins;3236.037037;2953;3444;3256;637.5701206;NE;6.35725;44.8685;G006357E44868N
0.22585343;4.31344714;des Boeufs Rouges;1985;Ecrins;3152.359447;2753;3360;3190;773.2504955;N;6.38878;44.8641;G006389E44864N
0.10427939;2.03982839;du Rascrouset;1985;Ecrins;3189.177966;3042;3329;3181.5;675.8656706;ESE;6.39439;44.8578;G006394E44858N
0.10501206;2.27128626;de Claphouse;1985;Ecrins;3215.73913;3094;3361;3208;767.9181449;E;6.39903;44.8616;G006399E44862N
0.26026537;4.79559373;du Coin;1985;Ecrins;3031.02521;2859;3227;3025;641.9935658;WNW;6.34732;44.8645;G006347E44864N
0.08917441;1.61542488;du Sele 2;1985;Ecrins;3165.337209;3017;3312;3170;522.3305512;ENE;6.35943;44.8648;G006359E44865N
2.08185932;10.62658734;du Sele 1;1985;Ecrins;2956.534483;2524;3456;2958.5;2828.851491;NE;6.36669;44.861;G006367E44861N
0.03323549;0.83774282;Ouest des Bans;1985;Ecrins;3343.05;3260;3417;3342.5;251.1379698;SSW;6.32894;44.8503;G006329E44850N
3.06397473;17.54821905;de la Pilatte;1985;Ecrins;2876.423872;2263;3430;2879.5;2971.107675;N;6.3342;44.8646;G006334E44865N
0.04315667;1.25978456;du Riou Blanc;1985;Ecrins;3114.625;3048;3187;3121.5;247.3443244;SE;6.38005;44.8582;G006380E44858N
0.06929672;2.16183719;du Gersa;1985;Ecrins;3030.886076;2923;3142;3037;527.5563557;SE;6.36643;44.8522;G006366E44852N
0.24560011;4.36358662;du Fournet 1;1985;Ecrins;3187.108571;3068;3308;3187;452.1569092;S;6.35797;44.8527;G006358E44853N
0.15398725;2.3343234;du Fournet 2;1985;Ecrins;3013;2893;3148;3012.5;511.6152849;SSE;6.34929;44.8485;G006349E44849N
0.13614169;2.55285301;des Bans;1985;Ecrins;3052.5;2737;3369;3057.5;895.3425064;SE;6.34186;44.8467;G006342E44847N
0.14375509;2.66518143;Superieur de la Condamine;1985;Ecrins;3282.144928;3058;3439;3287.5;531.8634649;NW;6.33143;44.8467;G006331E44847N
0.61787999;6.87776943;de la Condamine;1985;Ecrins;2562.420253;2297;3104;2538;1151.049486;NW;6.31818;44.8445;G006318E44844N
0.96079473;9.76293481;du Says;1985;Ecrins;3026.098969;2714;3295;3029;1072.811949;N;6.31917;44.8668;G006319E44867N
0.22292766;3.58138764;du Gioberney;1985;Ecrins;3123.341463;2962;3243;3122.5;647.5531241;E;6.3216;44.8612;G006322E44861N
0.18122089;2.45459515;de Boverjat;1985;Ecrins;3038.82659;2906;3170;3034;625.0738417;ENE;6.31128;44.8791;G006311E44879N
0.04042868;1.07991119;du Cheret;1985;Ecrins;2891.833333;2823;2954;2891;226.6585624;NNE;6.31466;44.8901;G006315E44890N
0.01796817;0.59519902;du Col du Cheret;1985;Ecrins;2926.473684;2897;2951;2930;170.1914171;E;6.31417;44.8843;G006314E44884N
3.44485734;26.13673505;des Rouies / du Chardon et Petit Chardon;1985;Ecrins;2851.933486;2166;3531;2854.5;4904.923262;NE;6.27526;44.8777;G006275E44878N
0.05758433;1.2603502;du Vaccivier;1985;Ecrins;2961.887097;2869;3029;2966.5;339.4789647;SE;6.28889;44.8713;G006289E44871N
0.08345473;1.7287386;de la Grande Roche 1;1985;Ecrins;2897.047059;2783;3030;2883;531.8352284;SSW;6.27653;44.8679;G006277E44868N
0.0593162;2.03230651;de la Grande Roche 3;1985;Ecrins;2893.160494;2744;3029;2905;442.2443053;SE;6.2654;44.8639;G006265E44864N
0.01544899;0.59878188;de la Grande Roche 2;1985;Ecrins;3052.428571;3016;3076;3055;179.7337535;S;6.27151;44.8688;G006272E44869N
0.42261093;6.04542657;de l'Encoula;1985;Ecrins;2912.756831;2539;3422;2882.5;1290.633532;NNE;6.2848;44.9108;G006285E44911N
0.05458312;1.31092124;de Petit Pierre;1985;Ecrins;3250.68254;3067;3384;3259;426.6205937;W;6.27919;44.906;G006279E44906N
0.1247153;2.43863864;du Col de l'Encoula;1985;Ecrins;3239.631206;3055;3455;3235;523.0128131;NW;6.27854;44.9022;G006279E44902N
0.2387393;4.24471496;de la Lavey (Sud);1985;Ecrins;2941.713615;2727;3257;2899;895.6477985;NNW;6.25197;44.8751;G006252E44875N
0.13758376;2.33955761;de l'Ane;1985;Ecrins;3073.695364;2915;3247;3071;822.191399;E;6.26883;44.8822;G006269E44882N
0.10184378;2.03479753;de l'Etret;1985;Ecrins;3166.013333;3111;3232;3164;461.0070061;SSE;6.2462;44.8861;G006246E44886N
0.33037919;5.16205209;de la Lavey (Nord);1985;Ecrins;3145.608696;2972;3291;3150;834.2018128;W;6.25935;44.8819;G006259E44882N
2.34801163;20.26201468;du Vallon des Etages;1985;Ecrins;2828.700255;2398;3324;2828.5;1716.671241;N;6.26297;44.8925;G006263E44892N
0.09270275;1.74050084;du Clocher de l'Etret;1985;Ecrins;3203.957447;3058;3373;3187.5;476.1856495;WNW;6.24104;44.8931;G006241E44893N
0.20757341;3.41771852;des Fetoules;1985;Ecrins;3168.859223;2905;3394;3177;769.3689441;NW;6.23546;44.903;G006235E44903N
0.03963722;0.95898451;de la Pointe Jeanne;1985;Ecrins;3049.4;2973;3141;3055.5;241.0217489;ENE;6.24101;44.9043;G006241E44904N
0.02863691;0.83536994;de l'Ours;1985;Ecrins;2963.757576;2909;3034;2959;271.6554746;NW;6.23481;44.9139;G006235E44914N
0.03763925;1.02474116;de la Tete du Grand Bois;1985;Ecrins;3015.382979;2967;3077;3011;251.9673398;NW;6.23809;44.9162;G006238E44916N
1.75811437;17.00824703;du Fond de la Muhande;1985;Ecrins;2799.33121;2374;3301;2803;1899.563238;NW;6.24255;44.8554;G006243E44855N
0.0470247;1.37503404;de la Grande Roche 4;1985;Ecrins;2844.33871;2744;2963;2841.5;312.4612799;SE;6.26049;44.8598;G006260E44860N
0.13489878;2.21255583;de la Grande Roche 5;1985;Ecrins;2819.230769;2736;2920;2817;421.7189933;ESE;6.25861;44.8564;G006259E44856N
0.05919712;1.13422174;de Porteras;1985;Ecrins;2851.589286;2784;2904;2856.5;375.5799633;S;6.24781;44.8494;G006248E44849N
0.05846038;1.55686112;du Lauzon;1985;Ecrins;2931.432836;2841;3018;2931;363.4918858;SE;6.25412;44.8521;G006254E44852N
0.02436988;0.77973712;de la Rouye 1;1985;Ecrins;2835.125;2800;2885;2832;163.0381383;SSW;6.23271;44.8499;G006233E44850N
0.03784822;1.02000807;de Chalance;1985;Ecrins;2919.033333;2877;2968;2912.5;242.4082702;S;6.23798;44.8504;G006238E44850N
0.01887751;0.65946925;de la Rouye 4;1985;Ecrins;2755.962963;2701;2806;2757;200.7441267;SE;6.22273;44.8469;G006223E44847N
0.01616939;0.65854806;de la Rouye 3;1985;Ecrins;2734.444444;2682;2781;2740;178.9344679;SSE;6.22594;44.8471;G006226E44847N
0.02064737;0.65946762;de la Rouye 2;1985;Ecrins;2744.65;2702;2776;2747.5;166.102302;S;6.22887;44.8485;G006229E44849N
0.06273914;1.42502838;du Vallon 2;1985;Ecrins;3256.481013;3095;3356;3265;435.0220714;SW;6.22157;44.8516;G006222E44852N
0.05995927;2.41022243;du Vallon 4;1985;Ecrins;2898.597015;2749;3060;2895;586.862246;WSW;6.21726;44.8489;G006217E44849N
0.09975946;2.45340154;du Vallon 3;1985;Ecrins;2871.682692;2780;2983;2868.5;433.4883941;WSW;6.21403;44.8509;G006214E44851N
1.09197118;11.18008528;des Sellettes Est;1985;Ecrins;2743.980892;2360;3191;2726.5;1704.130019;N;6.21633;44.8617;G006216E44862N
0.17867653;3.64186449;de l'Olan;1985;Ecrins;2936.147929;2751;3175;2899;877.2662774;SSE;6.20064;44.8543;G006201E44854N
0.08971604;1.61554868;du Clot;1985;Ecrins;2917.675325;2864;2975;2915;386.2320634;SE;6.19115;44.8534;G006191E44853N
0.9705273;9.15688868;des Sellettes Ouest;1985;Ecrins;2922.712446;2602;3252;2918.5;1329.917474;NE;6.20402;44.8656;G006204E44866N
0.0207211;0.89860524;des Sellettes Superieur;1985;Ecrins;3041.444444;2932;3157;3041;268.6967433;NNE;6.20589;44.8593;G006206E44859N
0.10233321;3.29217142;de la Maye;1985;Ecrins;2414.533333;2309;2538;2415;466.5020654;NW;6.1882;44.8598;G006188E44860N
0.0848048;2.62931991;de Font Turbat;1985;Ecrins;2959.20202;2853;3102;2953;427.1713335;SW;6.19721;44.8737;G006197E44874N
0.57304216;8.56491538;d'Entre Pierroux;1985;Ecrins;2676.560976;2289;3211;2660.5;1243.899476;N;6.19473;44.8827;G006195E44883N
0.04762992;1.26166677;d'Aiguille Rousse 1;1985;Ecrins;3029.911111;2974;3066;3032;269.3622424;SE;6.18115;44.8831;G006181E44883N
0.03428038;1.20415404;d'Aiguille Rousse 2;1985;Ecrins;3000.046512;2876;3071;3013;339.8348857;NE;6.18514;44.8816;G006185E44882N
0.01258831;0.65997505;Col du Canard;1985;Ecrins;2880.647059;2858;2914;2878;184.2581848;ENE;6.18237;44.906;G006182E44906N
0.01703482;0.78163089;Ouest de la Tete de Caborne;1985;Ecrins;2740.913043;2680;2816;2738;177.0577323;NNW;6.18246;44.9109;G006182E44911N
0.00536856;0.35985552;Tete de Caborne;1985;Ecrins;2703;2686;2722;2703;100.1701471;E;6.18712;44.9141;G006187E44914N
0.09712745;1.86066054;du Petit Vallon;1985;Ecrins;3073.164835;2964;3166;3071;501.2584072;SSW;6.17395;44.892;G006174E44892N
0.05525242;2.02952847;du Lac 2;1985;Ecrins;2953.15625;2825;3068;2968.5;409.0754267;NE;6.18164;44.8904;G006182E44890N
0.06704968;1.78633732;du Lac 1;1985;Ecrins;3009.273973;2887;3099;3021;457.8604282;ENE;6.17834;44.8926;G006178E44893N
0.09186624;2.04045123;du Bec de Canard;1985;Ecrins;2973.419048;2836;3147;2955;576.5612335;E;6.179;44.8956;G006179E44896N
0.17616119;2.4578336;de la Mariande / des Arias;1985;Ecrins;2735.360406;2510;3060;2727;740.1396561;NNW;6.17488;44.9015;G006175E44901N
0.65187246;6.76891044;de la Mariande Centre;1985;Ecrins;2724.195929;2481;2984;2727;756.1130987;N;6.16946;44.9002;G006169E44900N
0.12226753;2.10376818;du Grand Vallon 3;1985;Ecrins;2970.056604;2863;3108;2968.5;504.8274329;WSW;6.16609;44.8947;G006166E44895N
0.17378574;2.86342209;Ouest de la Mariande;1985;Ecrins;2938.858209;2814;3053;2934.5;564.5826356;ENE;6.15127;44.9014;G006151E44901N
0.02513422;0.89965376;Est de la Haute Pisse 1;1985;Ecrins;2822.590909;2784;2849;2826;283.9945782;SW;6.13994;44.9069;G006140E44907N
0.06921399;2.69115682;Est de la Haute Pisse 2;1985;Ecrins;2838.042857;2755;2936;2832;496.7836538;SW;6.14416;44.9032;G006144E44903N
0.02333829;0.84028909;de la Cime du Montagnon;1985;Ecrins;3046.210526;2990;3096;3046.5;274.268745;S;6.14671;44.9082;G006147E44908N
0.1081458;3.12545257;de la Tete des Liches;1985;Ecrins;2887.34127;2710;3096;2886;747.201388;ENE;6.15136;44.9113;G006151E44911N
0.00910657;0.47769589;de la Paroi Ouest des Liches 2;1985;Ecrins;3019.071429;2971;3052;3024.5;164.6840596;W;6.14565;44.913;G006146E44913N
0.11067446;3.02928344;de la Crete du Montagnon / de la Tete de Salude;1985;Ecrins;2952.025424;2797;3098;2956.5;515.1397217;WNW;6.14592;44.9181;G006146E44918N
0.05031748;1.49352293;du Lac du Salude;1985;Ecrins;2904.234375;2785;2987;2923.5;356.2495275;ENE;6.15182;44.918;G006152E44918N
0.03360382;1.00341247;de la Paroi Ouest des Liches 1;1985;Ecrins;2874.847826;2791;2960;2878;294.4341214;WNW;6.14337;44.914;G006143E44914N
0.67589001;7.87239741;du Montagnon;1985;Ecrins;2832.302139;2596;3052;2836.5;916.1385616;NW;6.13899;44.9117;G006139E44912N
0.12494701;3.35421566;du Pierroux (Ouest);1985;Ecrins;2944.619048;2703;3188;2945;973.6173146;N;6.14901;44.9305;G006149E44931N
0.2089024;2.98979106;du Pierroux (Centre);1985;Ecrins;2872.931507;2585;3114;2873;918.0636186;NNE;6.15473;44.9301;G006155E44930N
0.02425547;0.83525508;de la Paroi du Pierroux;1985;Ecrins;2889.714286;2809;2964;2901.5;284.2559771;NNE;6.1594;44.9307;G006159E44931N
0.04759169;1.79003919;du Pierroux (Est);1985;Ecrins;2792.387755;2662;2966;2774;373.9388944;NE;6.16217;44.9305;G006162E44931N
0.05223765;1.25915426;Ouest de la Haute Pisse;1985;Ecrins;2847;2785;2920;2847;280.8659672;SE;6.11518;44.9054;G006115E44905N
0.02335654;1.02219333;de Coin Charnier;1985;Ecrins;2973.454545;2873;3052;2979;322.7238925;WNW;6.11166;44.9088;G006112E44909N
0.50949613;4.50546321;du Vallon de Lanchatra 2;1985;Ecrins;2768.75266;2445;3036;2772.5;1253.220585;NE;6.11957;44.915;G006120E44915N
0.08170699;1.66764538;du Vallon de Lanchatra 1;1985;Ecrins;2852.842697;2708;3051;2837;574.6107671;E;6.11634;44.9183;G006116E44918N
0.11614783;2.81480296;Courbe;1985;Ecrins;3032.166667;2918;3122;3039.5;660.6347283;WNW;6.10979;44.9163;G006110E44916N
0.3910605;4.68648903;de la Grande Montagne 4;1985;Ecrins;3001.626866;2807;3163;3004.5;749.6610617;E;6.11212;44.9254;G006112E44925N
0.03498855;0.83905358;Sud de la Muzelle (?);1985;Ecrins;2993.829268;2936;3051;2992;221.6876835;SSW;6.10378;44.928;G006104E44928N
0.16072292;2.45994818;de la Grande Montagne 3;1985;Ecrins;3056.878571;2894;3208;3059.5;640.9465582;ESE;6.11125;44.9287;G006111E44929N
0.16735372;3.30170756;de la Grande Montagne 2;1985;Ecrins;3012.777778;2871;3174;3002;620.7733815;E;6.11369;44.934;G006114E44934N
0.0358629;0.96027507;de la Grande Montagne 1;1985;Ecrins;2991.717391;2926;3051;2992.5;241.7241925;E;6.11427;44.9363;G006114E44936N
0.43408378;7.75071095;de la Muzelle;1985;Ecrins;2961.426316;2588;3323;2970.5;1209.620819;N;6.10853;44.9357;G006109E44936N
0.18879615;3.78473896;des Pisses;1985;Ecrins;2607.535714;2465;2836;2603.5;554.7770294;NW;6.07239;44.9403;G006072E44940N
0.1169517;2.78662617;du Clapier du Peyron;1985;Ecrins;2758.201613;2602;2950;2761.5;684.2133209;NE;6.07967;44.9405;G006080E44941N
0.02852661;0.95449232;Est du Clapier du Peyron;1985;Ecrins;2691.657895;2596;2798;2684.5;267.0116973;ENE;6.08366;44.9367;G006084E44937N
0.05324003;1.74213685;du Peyron / de l'Embernard;1985;Ecrins;2807.716418;2716;2953;2790;386.6480844;NW;6.07944;44.9489;G006079E44949N
0.06202022;1.61464804;des Souffles;1985;Ecrins;2678.164557;2547;2800;2676;419.2362333;NE;6.1358;44.867;G006136E44867N
0.50506237;8.81406417;de l'Aup;1988;Ecrins;2734.422111;2368;3042;2730.5;1129.223504;N;6.19702;44.7442;G006197E44744N
0.20639561;3.94618607;du Mourre la Mine;1988;Ecrins;2831.308511;2614;3003;2826.5;787.4703274;NNE;6.2103;44.747;G006210E44747N
0.12785489;2.14783046;de Crupillouse;1988;Ecrins;2767.772059;2598;2961;2773.5;409.4541285;N;6.23136;44.7718;G006231E44772N
0.09050044;1.76480952;Plat;1988;Ecrins;2892.395833;2802;2970;2896.5;506.4853518;WNW;6.23654;44.7749;G006237E44775N
0.07666551;1.76060378;de Parieres;1988;Ecrins;2798.864198;2675;2930;2801;454.6544244;NNW;6.24213;44.7824;G006242E44782N
0.17158307;2.44821155;de Faravel;1985;Ecrins;2881.569536;2751;3014;2870;547.9327477;NNE;6.40599;44.7092;G006406E44709N
0.05023396;1.4312185;de Mandare;1985;Ecrins;2963.041667;2858;3071;2964.5;392.2021349;N;6.39772;44.8008;G006398E44801N
0.14292167;2.94219361;de l'Aigliere;1985;Ecrins;2990.133803;2858;3192;2974.5;731.4111335;NNE;6.4039;44.803;G006404E44803N
0.05314886;2.08161669;des Neyzets;1985;Ecrins;3105.133333;3030;3138;3114;332.5083773;ENE;6.40873;44.7973;G006409E44797N
0.06329501;1.5400478;de Gouiran;1988;Ecrins;2820.246154;2742;2890;2825;423.3834265;NW;6.29738;44.7844;G006297E44784N
0.14009614;2.48106344;de Vallonpierre;1988;Ecrins;3085.014925;2811;3242;3098;707.1798151;WNW;6.30076;44.7882;G006301E44788N
0.22232122;3.01259984;de la Veyrardonne;1988;Ecrins;2882.285714;2684;3092;2884;860.9327765;SE;6.31249;44.7854;G006312E44785N
0.7336907;8.0673777;du Sirac;1985;Ecrins;2718.848907;2369;3188;2696;1305.203026;NNW;6.31636;44.7963;G006316E44796N
0.33925876;6.092338;de Chanteloube;1985;Ecrins;2817.716129;2545;3098;2807.5;1029.887594;NE;6.34678;44.7987;G006347E44799N
0.46618194;7.36663883;de la Pierre;1988;Ecrins;2924.867052;2829;3033;2924;519.5983454;SE;6.33035;44.7933;G006330E44793N
0.58383473;5.23425793;de Chabourneou;1985;Ecrins;2746.628684;2315;3139;2779;1331.401165;NNW;6.33144;44.803;G006331E44803N
0.04592517;1.19811603;de Jarroux;1985;Ecrins;3056.869565;3001;3105;3060.5;320.0737543;E;6.34231;44.8073;G006342E44807N
0.04057649;1.07790731;du Queyre;1985;Ecrins;2789.020833;2691;2909;2788.5;245.429222;E;6.34548;44.805;G006345E44805N
0.04990103;1.83054187;du Col de Sirac (?);1985;Ecrins;2860.184615;2614;3045;2866;611.3475974;WNW;6.33841;44.8126;G006338E44813N
0.36055708;4.89013736;Subeyrar du Loup;1985;Ecrins;2993.634146;2785;3154;2996;1484.000946;ESE;6.34791;44.8138;G006348E44814N
0.02290399;0.71271198;du Pic de Malamort (?);1985;Ecrins;3146.76;3068;3199;3155;213.6605482;S;6.35167;44.8176;G006352E44818N
0.06634077;1.78958429;de Malamort;1985;Ecrins;3004.361446;2877;3144;3007;551.1607558;E;6.35787;44.8193;G006358E44819N
0.23550685;3.33675692;de Surette;1985;Ecrins;2951.463415;2757;3137;2943;920.3152018;WNW;6.34248;44.8179;G006342E44818N
0.04041657;1.25016207;de l'Amiree Bruyere;1985;Ecrins;2783.319149;2602;2936;2813;301.079118;NNE;6.36339;44.8236;G006363E44824N
0.32088978;6.59121401;des Bruyeres;1985;Ecrins;2865.028037;2369;3292;2814;1320.529372;NE;6.35293;44.8239;G006353E44824N
0.28437158;4.40898875;du Jocelme;1985;Ecrins;3217.1625;3041;3413;3213.5;869.9362029;SSE;6.3381;44.8246;G006338E44825N
0.20723061;3.62299996;de Bonvoisin;1985;Ecrins;2835.905172;2497;3228;2808.5;780.244719;NE;6.34456;44.8295;G006345E44830N
0.05247028;1.4209312;du Sellar 2;1985;Ecrins;2745.092308;2626;2940;2734;356.7843596;ENE;6.3408;44.8342;G006341E44834N
0.05181377;1.46729033;du Sellar 1;1985;Ecrins;2983.716981;2837;3060;2997;414.8457494;ENE;6.33554;44.8354;G006336E44835N
0.03163577;1.0064633;du Sellar 3;1985;Ecrins;3057.285714;2931;3130;3068.5;235.473043;NE;6.33907;44.8316;G006339E44832N
0.46226863;4.21874838;des Aupillous;1985;Ecrins;2841.037736;2585;3202;2832;965.7493713;NW;6.32643;44.8303;G006326E44830N
0.07565567;1.68896108;de Chauvet 2;1988;Ubaye;3025;2880;3170;3025;371.9899643;NNW;6.84342;44.5464;G006843E44546N
0.06364362;1.79895526;de Chauvet 1;1988;Ubaye;3030;2870;3190;3030;530.6565199;WNW;6.85059;44.5482;G006851E44548N
0.12742948;2.41609973;de Marinet Ouest;1988;Ubaye;2925;2740;3110;2925;502.8977673;NNE;6.8624;44.5502;G006862E44550N
1.19982226;11.77549494;de Prazon;1986;Aiguilles Rouges;2656.463807;2238;2901;2660;998.7995157;WNW;6.88685;46.1075;G006887E46108N
3.60533569;22.76388693;des Sources de l'Arc;1986;Vanoise;3036.906542;2707;3440;3035.5;2663.479778;W;7.17016;45.3984;G007170E45398N
0.72907583;6.24630477;de la Roche Ferran;1986;Vanoise;3093.665;2977;3220;3091.5;2312.397549;NNE;6.78784;45.3657;G006788E45366N
0.20829567;2.8098831;de l'Epena 2;1986;Vanoise;2586.454054;2387;2857;2559;674.0432827;N;6.80927;45.42;G006809E45420N
0.01259957;0.66089045;Carre;1985;Ecrins;3143.666667;3119;3219;3136;112.3635919;ESE;6.30582;45.004;G006306E45004N
4.70100089;16.07275324;de la Grande Motte;1986;Vanoise;3112.860681;2514;3632;3109;3302.02503;NNW;6.88119;45.423;G006881E45423N
0.11333998;2.40272679;Inferieur Ouest de la Muzelle;1985;Ecrins;2748.781022;2549;2993;2755;792.0966222;NNW;6.10099;44.9357;G006101E44936N
0.16056852;2.36396129;du Folly / Avoudrues;1986;Aiguilles Rouges;2425.406015;2226;2596;2426;662.4749549;NW;6.80824;46.1022;G006808E46102N
0.13004293;2.36701506;le Grand Neve / Avoudrues;1986;Aiguilles Rouges;2381.317647;2312;2480;2376;539.5412989;NNE;6.82243;46.1053;G006822E46105N
11.79089165;30.63776143;Bossons;1986;Mont Blanc;3212.980181;1213;4797;3262;7713.597549;NNW;6.86489;45.8677;G006865E45868N
1.02046412;4.87649034;du Fond 2;1986;Vanoise;3204.633166;2843;3605;3192;2060.662667;NW;6.99288;45.5206;G006993E45521N
3.07352272;13.53437757;Mahure;1986;Vanoise;3109.511842;2683;3512;3113.5;2253.733891;E;6.74514;45.302;G006745E45302N
4.23459098;13.08745066;Arpont;1986;Vanoise;3112.074971;2661;3551;3115;3236.216222;ESE;6.75643;45.3183;G006756E45318N
1.27903206;8.59798645;du Dome de Chasseforet;1986;Vanoise;3237.242583;2845;3557;3241;1372.231204;ENE;6.76571;45.3352;G006766E45335N
1.4194996;6.76522415;des Sonnailles / des Nants;1986;Vanoise;3370.641457;3143;3554;3373;2500.941436;N;6.74713;45.337;G006747E45337N
3.84866063;12.49255428;Pelve;1986;Vanoise;3071.422584;2631;3515;3074;2788.93941;ENE;6.76265;45.3441;G006763E45344N
0.0702136;1.61397069;de Celliers;1986;Vanoise;2655.319444;2520;2791;2648;583.3587167;NE;6.367;45.4623;G006367E45462N
0.03641599;0.83553579;du Grand Pic de la Lauziere (?);1986;Vanoise;2480.36;2411;2586;2474;256.7600027;ENE;6.37147;45.4603;G006371E45460N
0.3842076;3.22401305;de l'Ouille Mouta;1988;Vanoise;3021.33125;2922;3173;3013.5;875.8898378;NE;7.06687;45.2825;G007067E45282N
32.25;84.41982224;Mer de Glace / Geant;1986;Mont Blanc;2658.555405;1479;4086;2660;13371.41783;NNE;6.93439;45.8829;G006934E45883N
7.25776418;31.72914468;Leschaux;1986;Mont Blanc;2916.308671;2009;3926;2912.5;8438.862702;NW;6.97725;45.8937;G006977E45894N
0.02224304;0.7109242;Lamartine;1985;Belledonne;2658;2622;2688;2659;155.9223499;E;5.99035;45.1762;G005990E45176N
0.05568621;1.20420319;de Balmette;1985;Belledonne;2604;2513;2661;2613.5;291.383412;NE;5.99361;45.1736;G005994E45174N
0.02245265;1.60715482;de la Pyramide (Taillefer);1985;Taillefer;2726.6875;2629;2786;2744;306.8990288;NE;5.94281;45.04;G005943E45040N
0.03113925;1.17948517;du Taillefer (Nord);1985;Taillefer;2554.674419;2475;2640;2552;390.8424772;NE;5.9302;45.0411;G005930E45041N
0.01507676;0.8265891;du Grand Van;1985;Taillefer;2671.043478;2575;2726;2687;215.5614435;NW;5.93579;45.0413;G005936E45041N
0.02148743;0.78247075;de Les Clots;1985;Ecrins;2764.037037;2694;2855;2765;227.9840685;NE;6.28226;44.9214;G006282E44921N
0.05907076;2.09105555;de la Cime de l'Encoula 3;1985;Ecrins;3022.855072;2886;3240;3004;511.9344998;NW;6.27667;44.9086;G006277E44909N
0.03422472;0.96297474;de la Cime de l'Encoula 2;1985;Ecrins;2736.909091;2670;2808;2736.5;260.719203;ENE;6.29327;44.9078;G006293E44908N
0.05904705;1.9077934;de la Cime de l'Encoula 1;1985;Ecrins;3248.985075;3141;3370;3245;405.0500383;SE;6.28485;44.9027;G006285E44903N
0.14910407;2.68899801;de Clot Chatel (Nord Est);1985;Ecrins;3045.654545;2834;3314;3038;793.6105527;E;6.28632;44.8988;G006286E44899N
0.02624218;1.07947792;de Clot Chatel (Sud Est);1985;Ecrins;3109.861111;3029;3175;3112;258.2564379;ESE;6.28322;44.8934;G006283E44893N
0.04711729;1.17539155;Versant Nord Ouest des Rouies;1985;Ecrins;3207;3100;3303;3211;280.5952977;NW;6.25145;44.8684;G006251E44868N
0.03968393;1.1361248;du Col de Clot Chatel;1985;Ecrins;3126.657895;3067;3205;3125.5;272.7604354;SSE;6.27511;44.8866;G006275E44887N
0.02608078;0.96457962;du Col Nord de l'Etret;1985;Ecrins;3178.483871;3081;3259;3199;287.8095508;W;6.23808;44.8968;G006238E44897N
0.03046949;0.89173301;de la Tete de Malacombe;1985;Ecrins;3074.171429;3029;3120;3072;206.265425;NE;6.23719;44.9109;G006237E44911N
0.04227216;1.18936968;de l'Aiguille de l'Olan;1985;Ecrins;2770.173913;2678;2895;2761.5;329.7793847;NE;6.20628;44.8795;G006206E44880N
0.04452658;1.1795065;Clapiere;1986;Mont Blanc;2570.081081;2516;2623;2576;337.4090508;E;6.7457;45.7485;G006746E45748N
0.37604375;4.52032601;Mont du Tour;1988;Vanoise;3094.183824;2835;3284;3111.5;977.7211909;NNE;7.05326;45.2286;G007053E45229N
0.12962861;2.15258833;de la Selle du Ribon;1988;Vanoise;3320.582677;3159;3460;3352;492.66073;NE;7.08147;45.227;G007081E45227N
0.02310747;0.89888333;Suspendu Ouest;1986;Vanoise;3130.333333;3062;3208;3135;208.8121293;S;6.86579;45.5047;G006866E45505N
0.06897978;1.71433328;Sud des Platieres;1986;Vanoise;3282.709677;3183;3382;3284.5;482.1385396;SSW;6.86079;45.5051;G006861E45505N
0.68832223;5.59392527;Rosoire;1986;Vanoise;3215.176316;2978;3441;3205.5;1079.831169;WNW;6.72473;45.2989;G006725E45299N
0.17687846;2.29948469;Neve Pelissier;1985;Ecrins;2751.650888;2552;2936;2755;676.0040475;E;6.41946;44.8979;G006419E44898N
