Nom;Latitude;Longitude;Massif;MIN;MAX;Date_;Perimetre;Surface;Code_WGI;Longueur;MOY;Pente;Expo_moy;Code;BV;GLIMS_ID
Glacier du Lac;"6? 11' 2,991"" E";"44? 53' 32,992"" N";Ecrins;2419;3117;1967;5722.74;269957;F4N01166F20;553.356;2796.48695652;32.8667;NE;F1A887;W273;G006182E44890N
Glacier supÚrieur des Sellettes;"6? 12' 29,028"" E";"44? 51' 43,639"" N";Ecrins;2677;2845;1967;1442.97;54512.3;F4N01166F15;485.059;2767.13043478;35.8336;E;F1A1767;W273;G006206E44859N
Glacier Est des Sellettes_1;"6? 13' 0,029"" E";"44? 51' 41,331"" N";Ecrins;2336;3268;1967;9027.63;1088400;F4N01166F14;1830.7;2679.75054705;27.6112;N;F1A1364;W273;G006216E44862N
Glacier du Fond_2;"6? 13' 37,533"" E";"44? 51' 23,790"" N";Ecrins;2674;2973;1967;2488.78;215987;F4N01151C03;576.512;2829.70652174;37.1851;NE;F1A1782;W273;G006733E45291N
Glacier de la Muande;"6? 14' 43,801"" E";"44? 51' 18,002"" N";Ecrins;2654;3282;1967;5812.46;630002;;675.601;2944.48473282;31.8959;NW;F1A1791;W273;G006419E44898N
Glacier de Trelaporte;"6? 55' 41,562"" E";"45? 54' 15,107"" N";Mont Blanc;2471;2786;1949;2523.48;225251;F4N01236A14;394.208;2580.22105263;35.4379;E;F1A516;V000;G006928E45905N
Glacier d'Envers de BlaitiÞre_1;"6? 55' 18,024"" E";"45? 53' 34,610"" N";Mont Blanc;2218;3542;1939;9465.89;838700;F4N01237B03;1691.27;2704.15099715;33.6718;E;F1A520;V000;G006901E45901N
Glacier du Bouchet;"6? 36' 10,314"" E";"45? 15' 35,109"" N";Vanoise;2753;3331;1970;8815.39;1041420;F4N01151A05;1740.33;3041.82232346;23.5249;W;F1A01;W103;G006602E45262N
Glacier de Polset_1;"6? 37' 56,980"" E";"45? 16' 15,418"" N";Vanoise;3057;3446;1970;3535.59;418743;F4N01151B10;1124;3250.32000000;24.3618;SE;F1A05;W103;G006647E45275N
Glacier des Saint PÚres;"6? 36' 40,373"" E";"45? 16' 52,882"" N";Vanoise;2951;3191;1970;1645.8;81237.9;F4N01146F08;402.58;3065.06250000;32.4634;NW;F1A07;W024;G006610E45281N
Glacier de PÚclet_1;"6? 36' 56,002"" E";"45? 16' 59,735"" N";Vanoise;2804;3529;1970;5254.35;600524;F4N01146F04;1504.93;3106.85200000;29.9417;NW;F1A09;W024;G006618E45289N
Glacier de PÚclet_2;"6? 37' 8,598"" E";"45? 17' 24,911"" N";Vanoise;2843;3374;1970;4260.44;475257;F4N01146F07;1204.46;3057.10344828;25.7951;NW;F1A11;W024;G006613E45285N
Glacier du Borgne;"6? 36' 31,565"" E";"45? 18' 36,818"" N";Vanoise;2657;3071;1970;3189.79;352183;F4N01146E11;1118.72;2898.48299320;24.4586;N;F1A13;W023;G006609E45309N
Glacier de Polset_2;"6? 38' 52,125"" E";"45? 16' 20,875"" N";Vanoise;2833;3273;1970;4786.62;457509;F4N01151B10;1593.42;3003.59000000;18.937;SE;F1A17;W103;G006647E45275N
Glacier_de_Polset_3;"6? 38' 28,200"" E";"45? 16' 25,531"" N";Vanoise;3236;3420;1970;1067.23;41494.5;F4N01151B10;392.704;3330.41176471;35.3868;SE;F1A19;W103;G006647E45275N
Glacier de la Masse_1;"6? 40' 42,421"" E";"45? 16' 25,074"" N";Vanoise;2609;3093;1970;3349.74;406503;F4N01146D03;1148.5;2827.81502890;24.8592;NW;F1A67;W020;G006676E45274N
Glacier de ChaviÞre_1;"6? 37' 5,374"" E";"45? 15' 42,066"" N";Vanoise;2787;3456;1970;19334.3;3876720;F4N01151B03;3556.48;3098.17510677;15.8709;SE;F1A91;W103;G006615E45266N
Glacier de Labby ou du Fond;"6? 43' 59,830"" E";"45? 17' 27,353"" N";Vanoise;2990;3322;1970;5941.89;525344;F4N01151C02;924.647;3142.54222222;23.2703;SW;F1A151;W102;
Glacier du Coin du Govard;"6? 45' 36,063"" E";"45? 16' 53,367"" N";Vanoise;2803;3219;1970;2859.67;171751;F4N01151C08;780.048;2961.37179487;27.9015;SE;F1A163;W102;G006760E45282N
Glacier de Belle Place;"6? 46' 1,670"" E";"45? 17' 24,395"" N";Vanoise;2823;3262;1970;3188.46;443277;F4N01152A01;879.076;3026.14814815;28.3065;NE;F1A175;W101;G006767E45290N
Glacier du lac de la Roche Ferran;"6? 47' 9,504"" E";"45? 21' 30,773"" N";Vanoise;2874;3004;1970;1754.72;117240;F4N01152A15;226.479;2960.82978723;34.0867;E;F1A223;W101;
Glacier de l'Ouille Noire;"7? 3' 46,435"" E";"45? 24' 18,925"" N";Vanoise;2908;3037;1970;4030.57;275604;F4N01153A18;594.628;2947.14529915;10.4294;NW;F1A435;W100;G007064E45406N
Glacier du Grand Pisaillas_1;"7? 3' 50,912"" E";"45? 25' 14,207"" N";Vanoise;2966;3341;1970;10957.6;1432780;F4N01153A15;1122.07;3138.23267327;17.0116;W;F1A437;W100;G007062E45426N
Glacier du Montet;"7? 4' 41,789"" E";"45? 25' 18,746"" N";Vanoise;2963;3349;1970;11696.2;1644460;F4N01153B06;879.652;3112.69496403;19.8272;E;F1A443;W100;G007075E45421N
Glacier des Sources de l'IsÞre_1;"7? 6' 7,398"" E";"45? 26' 26,406"" N";Vanoise;2701;3424;1970;14197.7;2589990;F4N01144E22;2460.02;3050.84537969;18.3149;NW;F1A445;W000;G007101E45442N
Glacier de la Galise;"7? 5' 46,885"" E";"45? 27' 37,311"" N";Vanoise;2821;3046;1970;4801.99;258020;F4N01144E18;538.141;2908.61818182;19.1135;W;F1A447;W000;G007095E45463N
Glacier de Bassagne;"7? 5' 46,766"" E";"45? 28' 4,574"" N";Vanoise;2874;3317;1970;3523.16;388540;F4N01144E15;1440.2;3141.62962963;17.9647;W;F1A449;W000;G007095E45468N
Glacier de Calabre;"7? 4' 53,158"" E";"45? 28' 12,075"" N";Vanoise;2899;3186;1970;4755.35;332383;F4N01144E13;999.147;3016.50000000;17.4238;SW;F1A451;W000;G007084E45470N
Glacier de RhÛmes - Calabre;"7? 4' 3,981"" E";"45? 28' 15,154"" N";Vanoise;2785;3131;1970;3709.8;202414;F4N01144E10;826.432;3002.02197802;22.861;S;F1A453;W000;G007068E45470N
Glacier de Bazel;"7? 3' 19,952"" E";"45? 28' 11,542"" N";Vanoise;3024;3433;1970;3174.1;186697;F4N01144E08;925.943;3264.51250000;28.1443;SW;F1A455;W000;
Glacier du Couart dessus_1;"7? 2' 36,838"" E";"45? 28' 33,883"" N";Vanoise;3128;3567;1970;2729.02;210844;F4N01144E05;1006.38;3337.91111111;30.256;S;F1A459;W000;G007042E45475N
Glacier du Santel;"7? 2' 11,022"" E";"45? 28' 45,336"" N";Vanoise;2953;3495;1970;3159.07;261835;F4N01144D11;1142.83;3164.34579439;27.2313;W;F1A461;W000;G007035E45480N
Glacier de RhÛmes Golette;"7? 2' 52,698"" E";"45? 29' 21,312"" N";Vanoise;2819;3548;1970;8103.17;1392150;F4N01144D07;1666.65;3094.90459966;19.491;NW;F1A463;W000;G007045E45487N
Glacier de la SassiÞre;"6? 59' 14,946"" E";"45? 30' 41,001"" N";Vanoise;2808;3707;1970;8172.48;2358640;F4N01144C03;2450.47;3212.78478478;20.5945;NW;F1A469;W001;G006988E45515N
Glacier supÚrieur des Balmes;"6? 59' 10,357"" E";"45? 32' 17,944"" N";Vanoise;2747;3557;1970;7337.43;1735530;F4N01144B31;1780.94;3300.69220246;22.2859;N;F1A471;W001;G006985E45538N
Glacier infÚrieur des Balmes;"6? 58' 30,462"" E";"45? 32' 53,597"" N";Vanoise;2365;2808;1970;4884.63;858336;F4N01144B30;1347.26;2495.09836066;15.3736;NW;F1A473;W001;G006972E45549N
Glacier du Grand Col_1;"6? 51' 9,720"" E";"45? 32' 26,986"" N";Vanoise;2639;3475;1970;7510.1;648048;F4N01144G19;1615.26;3006.49626866;28.0515;N;F1A475;W001;G006851E45543N
Glacier de la Vuzelle;"6? 45' 12,374"" E";"45? 25' 7,984"" N";Vanoise;2731;3345;1970;3096.5;214639;F4N01146C04;1240.64;2956.92222222;31.3893;W;F1A23;W020;G006755E45418N
Glacier des Volnets;"6? 46' 6,955"" E";"45? 25' 17,653"" N";Vanoise;2610;3307;1970;7408.69;1315740;F4N01146B18;1292.98;2969.11934901;26.8641;NE;F1A27;W021;G006763E45424N
Glacier de la Roche du Tougne;"6? 46' 58,438"" E";"45? 25' 3,041"" N";Vanoise;2691;3138;1970;2803.05;239743;F4N01146B17;1011.47;2918.68686869;27.8635;N;F1A28;W021;G006782E45419N
Glacier Nord de la GliÞre_2;"6? 47' 20,898"" E";"45? 25' 5,171"" N";Vanoise;2600;2880;1970;2159.3;216417;F4N01146B16;708.004;2714.37362637;24.7634;N;F1A29;W021;G006788E45418N
Glacier Nord de la GliÞre_1;"6? 47' 49,363"" E";"45? 25' 1,781"" N";Vanoise;2514;3138;1970;2939.47;266534;F4N01146B14;1209.64;2677.72727273;27.3785;N;F1A30;W021;G006797E45418N
Glacier de Bellec¶te;"6? 46' 27,368"" E";"45? 29' 43,515"" N";Vanoise;2974;3245;1970;2196.77;132181;F4N01146A02;925.527;3073.01724138;20.5909;W;F1A33;W021;G006774E45495N
Gros Glacier;"6? 47' 32,670"" E";"45? 29' 36,281"" N";Vanoise;2819;3281;1970;2261.44;129870;F4N01145043;568.902;3057.01818182;41.7104;N;F1A34;W010;G006791E45494N
Glacier du Cul du Nant;"6? 47' 14,254"" E";"45? 29' 6,159"" N";Vanoise;2747;3370;1970;9102.94;1011170;F4N01146A10;1772.54;3054.68571429;22.8435;SE;F1A35;W021;
Glacier de la Chiaupe;"6? 46' 32,321"" E";"45? 29' 21,069"" N";Vanoise;2950;3276;1970;4506.83;457848;F4N01146A04;819.933;3071.33333333;19.0496;W;F1A36;W021;G006776E45488N
Glacier des PichÞres;"6? 48' 17,928"" E";"45? 29' 29,218"" N";Vanoise;2794;3311;1970;7334.68;507267;F4N01145037;711.32;3118.61111111;25.8351;E;F1A37;W010;G006803E45493N
Glacier de Pramort ou de Rosolin derriÞre;"6? 51' 22,845"" E";"45? 25' 21,315"" N";Vanoise;2343;2760;1970;5328.35;849040;F4N01146B05;2025.77;2501.99173554;14.6231;N;F1A38;W021;G006858E45423N
Glacier de la Grande Motte;"6? 52' 58,872"" E";"45? 25' 19,069"" N";Vanoise;2645;3640;1970;19285.6;5077610;F4N01146B04;482.015;2998.11869159;19.4354;N;F1A39;W021;G006881E45423N
Glacier de l'EpÚna;"6? 49' 37,106"" E";"45? 24' 49,401"" N";Vanoise;2313;3832;1970;9707.59;1897030;F4N01146B10;2738.98;2888.53308365;28.353;N;F1A40;W021;G006828E45414N
Glacier de la Grande Casse;"6? 48' 14,690"" E";"45? 24' 29,843"" N";Vanoise;2639;3143;1970;7312.56;1028380;F4N01146C16;2321.81;2850.46082949;19.6191;SW;F1A41;W020;G006803E45409N
Glacier Nord de l'EpÚna;"6? 48' 36,415"" E";"45? 25' 10,258"" N";Vanoise;2397;2961;1970;3277.95;190637;F4N01146B12;1094.12;2567.12500000;32.6676;N;F1A42;W021;
Glacier Suspendu ou de la Sache;"6? 52' 8,455"" E";"45? 30' 21,906"" N";Vanoise;2962;3389;1970;3295.81;244934;F4N01166A09;522.304;3220.36792453;30.2217;S;F1A47;W000;G006223E44966N
Glacier de l'Inverneau;"6? 53' 21,688"" E";"45? 30' 48,419"" N";Vanoise;2479;3155;1970;5278.96;396344;F4N01144G07;1173.85;2778.28313253;28.3791;NE;F1A49;W001;G006888E45514N
Glacier du PrÛtre;"6? 51' 52,675"" E";"45? 31' 1,555"" N";Vanoise;3209;3490;1970;1048.31;61302.2;F4N01145020;295.306;3292.62962963;40.1481;W;F1A50;W010;G006864E45518N
Glacier du Carro;"6? 51' 21,631"" E";"45? 31' 5,457"" N";Vanoise;2685;3097;1970;4451.11;234169;F4N01145021;528.369;2833.99029126;29.1276;W;F1A51;W010;G006854E45521N
Glacier des PlatiÞres;"6? 51' 38,871"" E";"45? 30' 41,717"" N";Vanoise;2700;3464;1970;5688.66;652810;F4N01145022;1495.44;3067.92363636;32.1884;NW;F1A52;W010;G006857E45512N
Glacier de Turia;"6? 51' 56,303"" E";"45? 32' 27,666"" N";Vanoise;2646;3310;1970;3371.99;481678;F4N01144G14;1382.95;2862.80769231;26.1165;N;F1A53;W001;G006865E45542N
Glacier de la GandoliÞre_2;"6? 16' 34,458"" E";"44? 58' 22,725"" N";Ecrins;3193;3255;1967;227.477;3838.09;F4N01166C05;73.1567;3246.00000000;47.3762;NE;F1A665;W273;G006278E44975N
Glacier du Colerin_1;"7? 6' 17,990"" E";"45? 19' 29,698"" N";Vanoise;3072;3364;1970;4167.65;294575;F4N01153C11;703.057;3203.22580645;24.3498;SW;F1A77;W100;
Glacier SupÚrieur du Vallonnet_1;"7? 4' 49,578"" E";"45? 20' 35,219"" N";Vanoise;2799;3450;1970;9318.09;1475290;F4N01153B31;1302.52;3179.34460548;28.0659;N;F1A78;W100;G007087E45341N
Glacier des Evettes;"7? 6' 59,839"" E";"45? 20' 12,018"" N";Vanoise;2576;3493;1970;14739.6;3294030;F4N01153B26;2675.28;3016.35596855;21.4801;N;F1A82;W100;G007119E45337N
Glacier de la Pointe de Bonneval;"7? 7' 41,766"" E";"45? 20' 48,505"" N";Vanoise;2761;2988;1970;1927.92;160037;F4N01153B23;482.015;2864.88235294;27.6858;NW;F1A83;W100;G007127E45347N
Glacier du Grand MÚan Nord_1;"7? 8' 47,223"" E";"45? 21' 45,201"" N";Vanoise;2750;3341;1970;11251.9;2406500;F4N01153B20;2939.35;3084.11851126;14.0436;W;F1A84;W100;G007143E45363N
Glacier du Mulinet;"7? 8' 57,956"" E";"45? 22' 39,822"" N";Vanoise;2771;3341;1970;11313.8;2847390;F4N01153B19;1900.06;3039.32945092;17.34;W;F1A86;W100;G007144E45371N
Glacier de Rosolin;"6? 50' 31,852"" E";"45? 24' 59,031"" N";Vanoise;2517;2993;1970;3606.87;687555;F4N01146B09;1243.52;2802.73720137;17.1508;N;F1A120;W021;G006843E45417N
Glacier de Pramecou;"6? 52' 36,411"" E";"45? 25' 57,719"" N";Vanoise;2722;3066;1970;7355.38;719324;F4N01146B03;809.701;2952.20588235;20.9585;NW;F1A121;W021;G006870E45430N
Glacier du Midi de Bellec¶te;"6? 47' 51,147"" E";"45? 29' 12,138"" N";Vanoise;2750;3216;1970;5776.99;345532;F4N01146A12;1211.74;2958.74666667;23.2466;SE;F1A122;W021;G006796E45487N
Glacier nord de la Gurraz;"6? 52' 20,380"" E";"45? 32' 7,591"" N";Vanoise;2609;3505;1970;5185.17;865794;F4N01144G11;2158.19;3000.08516484;24.5379;NE;F1A123;W001;G006872E45535N
Glacier sud de la Gurraz;"6? 52' 28,739"" E";"45? 31' 37,657"" N";Vanoise;2293;3558;1970;10333.5;2000390;F4N01144G10;2878.96;3025.09870740;23.5526;NE;F1A124;W001;G006874E45531N
Glacier de la Martin;"6? 53' 2,897"" E";"45? 31' 4,747"" N";Vanoise;2395;3417;1970;4982.63;634810;F4N01144G08;2055.28;2867.43494424;29.2366;NE;F1A125;W001;G006883E45518N
Glacier Est de l'Arcelle Neuve;"6? 58' 25,429"" E";"45? 16' 19,949"" N";Vanoise;2979;3565;1970;3525.4;616339;F4N01153D15;1493.86;3238.09615385;25.1661;NW;F1A126;W101;G006974E45273N
Glacier du Colerin_2;"7? 5' 46,919"" E";"45? 19' 40,326"" N";Vanoise;2770;3563;1970;6023.78;377052;F4N01153C11;1066.53;3262.88819876;24.9787;S;F1A129;W100;
Glacier de Rosoire;"6? 43' 23,123"" E";"45? 17' 54,658"" N";Vanoise;2844;3488;1970;6901.8;783197;F4N01146C39;1137.39;3186.66163142;24.9432;W;F1A130;W020;
Glacier du GÚnÚpy;"6? 43' 47,638"" E";"45? 18' 38,280"" N";Vanoise;2645;3588;1970;14904.4;2260520;F4N01146C38;1850.77;3142.15392670;27.6594;NW;F1A131;W020;G006727E45309N
Glacier de la Mahure;"6? 44' 40,933"" E";"45? 18' 1,605"" N";Vanoise;2635;3510;1970;16673.3;2964400;F4N01152A05;2485.78;3150.16746411;23.0626;E;F1A132;W101;G006745E45302N
Glacier de la Griaz_1;"6? 49' 14,319"" E";"45? 51' 40,347"" N";Mont Blanc;2431;3188;1949;4263.46;470194;F4N01238B01;1184.15;2913.16915423;29.2682;NW;F1A567;V000;G006823E45859N
Glacier du Bourgeat_2;"6? 49' 58,469"" E";"45? 51' 57,942"" N";Mont Blanc;2435;2558;1949;1018.9;37868.5;F4N01238A01;216.144;2509.07142857;37.3006;N;F1A568;V000;G006831E45863N
Glacier de Bionnassay;"6? 48' 42,077"" E";"45? 50' 47,156"" N";Mont Blanc;1707;4252;1967;27033.6;4713890;F4N01239A02;5730.78;2990.14064064;30.9143;NW;F1A569;V002;G006811E45849N
Glacier de TÛte Rousse;"6? 49' 12,322"" E";"45? 51' 22,699"" N";Mont Blanc;3009;3277;1949;1533.53;95907.9;F4N01239A01;636.847;3177.43902439;21.6541;W;F1A570;V002;G006819E45856N
Glacier de la Griaz_2;"6? 49' 30,974"" E";"45? 51' 24,819"" N";Mont Blanc;3097;3595;1949;1470.56;46744.9;F4N01238B01;693.766;3329.25000000;45.558;N;F1A571;V000;G006823E45859N
Glacier des Lanchettes;"6? 45' 50,510"" E";"45? 45' 50,184"" N";Mont Blanc;2496;2876;similaire Ó 1967;3736.12;478173;F4N01144A11;1295.28;2680.88442211;23.9189;SE;F1A572;W003;G006764E45765N
Glacier d'Enclave;"6? 45' 14,553"" E";"45? 45' 36,666"" N";Mont Blanc;2786;2969;similaire Ó 1967;1181.61;79501.3;F4N01144A10;322.931;2862.64705882;33.0465;S;F1A573;W003;G006753E45760N
Glacier du Col des Chasseurs;"6? 45' 18,542"" E";"45? 46' 24,934"" N";Mont Blanc;2497;2832;1949;3167.97;180232;F4N01239D06;566.082;2697.01298701;30.4676;N;F1A574;V002;G006755E45773N
Glacier du Mont Tondu;"6? 45' 45,685"" E";"45? 46' 17,474"" N";Mont Blanc;2568;3121;1949;3776.19;446634;F4N01239D04;1396.26;2839.35263158;27.5131;N;F1A575;V002;G006762E45772N
Glacier de Taconnaz;"6? 50' 49,798"" E";"45? 51' 39,822"" N";Mont Blanc;1582;4287;1967;20903.9;5163560;F4N01237E01;5032.89;3239.08675799;31.6957;N;F1A576;V000;G006844E45863N
Glacier des Bossons;"6? 52' 0,067"" E";"45? 51' 26,338"" N";Mont Blanc;1224;4798;1967;48732.2;11380100;F4N01237D03;7823.35;3422.69081824;29.0004;N;F1A577;V000;G006865E45868N
Glacier Rond;"6? 52' 34,187"" E";"45? 52' 47,255"" N";Mont Blanc;2654;2913;1939;1567.7;142716;F4N01237D01;480.497;2749.96721311;30.0472;NW;F1A578;V000;G006875E45880N
Glacier Ouest de l'Aiguille du Midi;"6? 52' 58,611"" E";"45? 52' 37,330"" N";Mont Blanc;3169;3585;1939;1729.21;64953.9;F4N01237D02;469.726;3332.07407407;43.5771;NW;F1A579;V000;G006882E45877N
Glacier de la Charpoua;"6? 57' 23,977"" E";"45? 55' 35,416"" N";Mont Blanc;2454;3406;similaire Ó 1967;5331.5;555627;F4N01236A05;1662.08;2893.03862661;34.0564;SW;F1A580;V000;G006955E45927N
Glacier du Tour;"6? 59' 42,258"" E";"45? 59' 6,979"" N";Mont Blanc;2124;3796;1967;25554.6;8380510;F4N01234A01;4651.36;2964.38820225;19.1371;NW;F1A581;V000;G006988E45987N
Glacier du Passon;"6? 59' 18,193"" E";"45? 58' 21,408"" N";Mont Blanc;2879;3054;1949;721.253;33560.4;F4N01235A03;236.13;2936.18750000;38.1773;W;F1A582;V000;G006986E45973N
Glacier Adams Reilly;"6? 59' 26,235"" E";"45? 58' 6,108"" N";Mont Blanc;2739;3349;1949;2832.91;160063;F4N01235A04;779.509;2978.80303030;37.4553;W;F1A583;V000;G006990E45969N
Glacier du Trident;"6? 59' 43,915"" E";"45? 57' 52,361"" N";Mont Blanc;3021;3277;1949;1336.79;44915.4;F4N01235A05;163.54;3070.47368421;40.8247;S;F1A584;V000;G006994E45965N
Glacier du Chardonnet;"7? 0' 13,217"" E";"45? 57' 38,423"" N";Mont Blanc;2566;3705;similaire Ó 1967;7920.36;1181040;F4N01235A06;2023.33;3104.60636183;28.8025;W;F1A585;V000;G007003E45960N
Glacier du Milieu;"7? 0' 29,013"" E";"45? 57' 14,665"" N";Mont Blanc;2764;3695;1949;4702.4;459246;F4N01235A07;1821.99;3184.25520833;31.0123;SW;F1A586;V000;G007008E45954N
Glacier d'ArgentiÞre_1;"7? 0' 1,123"" E";"45? 56' 37,562"" N";Mont Blanc;1579;4095;1967;72575;15558500;F4N01235A08;9537.19;2892.02347773;21.639;NW;F1A587;V000;G006985E45951N
Glacier des Glaciers;"6? 47' 39,501"" E";"45? 46' 10,282"" N";Mont Blanc;2419;3713;1967;9329.79;1782240;F4N01144A18;2588.21;3105.13297872;27.5519;SW;F1A588;W003;G006794E45769N
Glacier de la Petite Aiguille des Glaciers;"6? 48' 15,722"" E";"45? 46' 6,555"" N";Mont Blanc;3051;3410;similaire Ó 1967;1998.26;106609;F4N01144A19;568.265;3212.56521739;33.9575;S;F1A589;W003;G006804E45769N
Glacier de Faravel;"6? 24' 29,553"" E";"44? 42' 33,242"" N";Ecrins;2603;3005;1970;3145.99;215180;F4N01082A01;878.121;2829.11235955;29.2153;N;F1A781;X013;G006406E44709N
Glacier de la Pointe Salvador;"6? 20' 13,415"" E";"45? 7' 6,093"" N";Thabor Aiguilles d'Arves;3006;3140;1971;1169.65;38225.3;F4N01164C06;467.713;3041.93750000;25.6561;S;F1A1701;W270;G006337E45116N
Glacier du Grand Vallon;"6? 53' 11,362"" E";"45? 19' 58,412"" N";Vanoise;2970;3260;1970;3077.23;320886;F4N01152C17;749.611;3065.51470588;21.0482;NW;F1A331;W101;G006886E45334N
Glacier du Vallonnet;"6? 54' 34,003"" E";"45? 20' 1,096"" N";Vanoise;2802;3532;1970;8727.66;2430100;F4N01152C13;2178.67;3285.97156863;14.1746;N;F1A343;W101;G006904E45335N
Glacier des BroÞs_1;"6? 54' 35,268"" E";"45? 20' 47,551"" N";Vanoise;2823;3229;1970;1579.66;92390.4;F4N01152C15;685.808;2995.44444444;33.442;N;F1A355;W101;G006910E45346N
Glacier du Vallonbrun;"6? 56' 54,753"" E";"45? 20' 8,787"" N";Vanoise;2785;3450;1970;8182.42;852521;F4N01152C11;1662.18;3048.71309192;26.3862;NW;F1A367;W101;G006948E45337N
Glacier de Gefret;"6? 57' 28,754"" E";"45? 20' 39,509"" N";Vanoise;2842;3321;1970;6691.36;1049330;F4N01152C07;1110.92;3022.28475336;21.944;N;F1A379;W101;G006956E45344N
Glacier de MÚan Martin;"6? 58' 55,267"" E";"45? 20' 52,090"" N";Vanoise;2790;3317;1970;9631.63;1640320;F4N01153A04;1922.92;2997.03347889;17.4002;N;F1A391;W100;G006980E45346N
Glacier des LÚchours;"6? 58' 4,012"" E";"45? 21' 9,296"" N";Vanoise;2869;3108;1970;2885.12;198670;F4N01152C06;594.134;2958.91860465;19.5748;NW;F1A401;W101;G006968E45352N
Glacier des Roches Blanches_1;"6? 58' 48,421"" E";"45? 21' 50,510"" N";Vanoise;2856;3255;1970;8402.9;835177;F4N01152C03;1070.13;3033.94900850;17.4107;NW;F1A403;W101;G006979E45363N
Glacier des Fours;"6? 59' 23,329"" E";"45? 22' 21,730"" N";Vanoise;2747;3277;1970;12429.6;1453730;F4N01144F06;1283.72;2959.01136364;22.2587;N;F1A405;W000;G006990E45372N
Glacier des Roches;"7? 0' 22,178"" E";"45? 22' 11,114"" N";Vanoise;2836;3226;1970;4607.96;648605;F4N01153A08;1200.19;3028.43309859;21.1699;NE;F1A407;W100;G007005E45370N
Glacier du Charbonnier;"6? 53' 32,851"" E";"45? 22' 49,962"" N";Vanoise;2826;3025;1970;2739.79;113173;F4N01152B12;345.738;2909.69387755;22.1589;N;F1A409;W101;G006893E45380N
Glacier de la Sana;"6? 55' 23,629"" E";"45? 22' 55,246"" N";Vanoise;3093;3367;1970;2372.7;194901;F4N01152C01;997.112;3207.89411765;18.4222;E;F1A411;W101;G006921E45382N
Glacier de la Leisse;"6? 54' 25,968"" E";"45? 23' 8,848"" N";Vanoise;2815;3379;1970;8892.82;866997;F4N01152B11;1078.52;3022.17451524;25.4157;NW;F1A413;W101;G006910E45386N
Glacier des Barmes de l'Ours;"6? 55' 40,612"" E";"45? 23' 23,741"" N";Vanoise;2760;3094;1970;9387.94;1125940;F4N01144F10;1818.5;2936.72442589;19.3609;NE;F1A415;W000;G006922E45391N
Glacier du Fond;"7? 0' 32,847"" E";"45? 23' 23,585"" N";Vanoise;2900;2988;1970;1686.29;111536;F4N01151C03;422.933;2941.08163265;20.2243;NE;F1A417;W100;G006733E45291N
Glacier de la Jave;"7? 1' 6,274"" E";"45? 23' 50,808"" N";Vanoise;2701;2926;1970;8915.37;589131;;462.698;2814.83534137;16.0444;NE;F1A419;W100;G006419E44898N
Glacier du Grand Vallon;"7? 2' 47,841"" E";"45? 26' 10,826"" N";Vanoise;2863;3169;1970;2094.45;117071;F4N01152C17;717.017;2982.38775510;25.682;N;F1A423;W000;G006886E45334N
Glacier du Col Pers;"7? 3' 20,638"" E";"45? 26' 2,613"" N";Vanoise;2783;3098;1970;4781.68;455180;F4N01144E32;694.903;2896.67010309;20.0417;N;F1A427;W000;G007059E45434N
Glacier Pers_2;"7? 4' 8,403"" E";"45? 25' 58,667"" N";Vanoise;2800;3224;1970;5190.73;588997;F4N01144E30;1033.35;2956.57028112;21.4724;N;F1A429;W000;G007065E45432N
Glacier Pers_1;"7? 4' 45,071"" E";"45? 26' 2,538"" N";Vanoise;2910;3154;1970;2064.55;207903;F4N01144E29;716.747;3010.20689655;20.7546;NW;F1A431;W000;G007070E45432N
Glacier du Gros Caval;"7? 4' 58,351"" E";"45? 26' 15,095"" N";Vanoise;2884;3249;1970;2254.87;214339;F4N01144E26;968.392;3033.09890110;22.7675;N;F1A433;W000;G007083E45437N
Glacier Est du Clapier du Peyron;"6? 5' 6,902"" E";"44? 56' 11,215"" N";Ecrins;2516;2744;;985.55;47918.6;F4N01166I04;395.722;2619.39130435;32.765;E;F1A1214;W273;G006084E44937N
Glacier du Grand Col_2;"6? 51' 35,165"" E";"45? 32' 20,685"" N";Vanoise;2661;3549;1970;3371.94;246904;F4N01144G19;1260.38;3099.33018868;37.1193;N;F1A477;W001;G006851E45543N
Glacier du Varet;"6? 50' 59,862"" E";"45? 33' 21,082"" N";Vanoise;2854;3196;1970;2086.28;197910;F4N01145001;808.974;3019.10714286;24.6295;N;F1A481;W002;G006849E45556N
Glacier du Varet;"6? 50' 55,320"" E";"45? 33' 7,600"" N";Vanoise;3195;3219;1970;267.912;4558.6;F4N01145001;77.6879;3184.50000000;21.0722;NW;F1A483;W002;G006849E45556N
Glaciers la Savinaz;"6? 52' 42,430"" E";"45? 31' 5,713"" N";Vanoise;2384;3580;1970;7343.93;1063830;F4N01144G08;2646.33;3107.18666667;27.8409;NE;F1A485;W001;G006883E45518N
Glacier InfÚrieur du Vallonnet;"7? 5' 20,315"" E";"45? 20' 56,863"" N";Vanoise;2364;2985;1970;4692.3;621689;F4N01153B32;1970.19;2599.92015209;20.1025;NW;F1A487;W100;G007088E45350N
Glacier de DerriÞre les Lacs;"7? 8' 53,134"" E";"45? 25' 10,021"" N";Vanoise;3025;3357;1970;5029.86;806552;F4N01153B11;1121.2;3149.38529412;19.6105;W;F1A489;W100;G007148E45420N
Glacier de l'Arcelle;"7? 4' 23,038"" E";"45? 14' 9,104"" N";Vanoise;2912;3385;1970;3300.29;295723;F4N01153D06;880.791;3135.19841270;31.3678;NW;F1A491;W100;G007072E45236N
Glacier de Rochemelon;"7? 4' 11,959"" E";"45? 13' 6,231"" N";Vanoise;2677;3501;1970;14936.3;3217480;F4N01153D08;2533.75;2626.47111111;13.791;N;F1A493;W100;G007067E45221N
Glacier de Roche Michel_1;"7? 0' 25,033"" E";"45? 14' 30,444"" N";Vanoise;3136;3416;1970;4553.62;640315;F4N01153D10;1126.01;3331.79259259;16.4406;NE;F1A495;W100;G007008E45241N
Glacier du Lamet;"6? 59' 42,860"" E";"45? 14' 27,359"" N";Vanoise;3048;3457;1970;3461.28;364256;F4L01421A03;833.773;3338.05960265;25.0648;NW;F1A499;Y670;G006997E45242N
Glacier du Vieux;"6? 59' 5,944"" E";"45? 15' 49,779"" N";Vanoise;3152;3605;1970;6699.43;1107250;F4N01153D12;1021.62;3363.67665953;25.7536;NE;F1A503;W100;G006980E45270N
Glacier Ouest de l'Arcelle Neuve;"6? 57' 45,532"" E";"45? 16' 6,113"" N";Vanoise;2904;3318;1970;4269.18;686976;F4N01153D06;878.843;3107.89655172;27.1117;N;F1A506;W101;G007072E45236N
Glacier Sud de la GliÞre;"6? 47' 23,948"" E";"45? 24' 39,552"" N";Vanoise;2882;3170;1970;2068.24;185120;F4N01146C13;672.632;2999.78205128;29.9948;SW;F1A508;W020;G006790E45411N
Glacier de la Patinoire;"6? 45' 58,754"" E";"45? 24' 29,632"" N";Vanoise;2511;3056;1970;3770.85;404946;F4N01146C07;1411.8;2634.77777778;21.1663;SE;F1A22;W020;G006765E45407N
Glacier de la TÛte Sud du Replat;"6? 16' 52,710"" E";"44? 58' 50,086"" N";Ecrins;2950;3125;1967;1366.23;56194.1;F4N01166C06;292.111;3034.95833333;29.1846;SE;F1A679;W273;G006280E44981N
Glacier du Col du Replat;"6? 17' 6,012"" E";"44? 59' 2,083"" N";Ecrins;3004;3327;1967;2871.05;123118;F4N01166C07;474.289;3160.50000000;32.1109;SE;F1A680;W273;G006282E44983N
La Grala de Charbonnel;"7? 2' 23,668"" E";"45? 17' 10,216"" N";Vanoise;2901;3260;1970;2533.74;313630;F4N01153C32;868.53;3061.87969925;25.1831;N;F1A54;W100;G007040E45285N
Glacier de Charbonnel;"7? 3' 7,023"" E";"45? 17' 3,926"" N";Vanoise;3078;3725;1970;4384.75;612372;F4N01153C31;1245.78;3406.56470588;30.8815;NW;F1A57;W100;G007048E45284N
Glacier d'Ouille Mouta;"7? 4' 1,755"" E";"45? 16' 59,201"" N";Vanoise;2926;3091;1970;2650.34;264067;F4N01153C30;679.748;2998.01801802;14.0875;NE;F1A59;W100;G007067E45282N
Glacier du Grand Fond _2;"7? 3' 24,373"" E";"45? 15' 34,165"" N";Vanoise;3073;3229;1970;1256.37;45088.5;F4N01153D04;320.758;3136.63157895;27.9533;NW;F1A62;W100;G007057E45259N
Glacier du Grand Fond_ 3;"7? 3' 37,898"" E";"45? 15' 30,713"" N";Vanoise;3202;3387;1970;984.72;42870.8;F4N01153D04;273.711;3281.31578947;31.0102;NW;F1A63;W100;G007057E45259N
Glacier Nord de la Grande Felouse;"7? 4' 8,459"" E";"45? 15' 5,851"" N";Vanoise;3265;3451;1970;1075.94;68428.5;F4N01153C28;309.25;3394.93103448;24.8177;N;F1A64;W100;G007070E45252N
Glacier Sud de la Grande Felouse;"7? 4' 22,956"" E";"45? 14' 49,414"" N";Vanoise;3163;3399;1970;2034.25;98074.5;F4N01153C27;340.705;3322.48780488;35.0724;NE;F1A65;W100;G007073E45246N
Glacier de derriÞre le Clapier_1;"7? 5' 17,456"" E";"45? 13' 58,084"" N";Vanoise;2723;3236;1970;4984.42;836340;F4N01153C25;1477.15;3002.12290503;16.8245;N;F1A66;W100;G007090E45233N
Glacier du Baounet;"7? 7' 8,589"" E";"45? 15' 24,350"" N";Vanoise;2771;3383;1970;14263.6;3015150;F4N01153C19;3043.23;3030.00390625;14.0505;NW;F1A71;W100;G007117E45255N
Glacier d'ArbÚron;"7? 7' 15,634"" E";"45? 16' 23,159"" N";Vanoise;3017;3432;1970;3805.52;385968;F4N01153C18;877.575;3206.43827160;23.0185;W;F1A72;W100;G007119E45275N
Glacier d'ArnÞs_1;"7? 7' 46,694"" E";"45? 16' 45,494"" N";Vanoise;2812;3376;1970;5162.19;915338;F4N01153C17;1755.15;3093.05714286;22.7983;NW;F1A74;W100;G007130E45280N
Glacier des Grandes Pareis;"7? 6' 47,414"" E";"45? 18' 20,046"" N";Vanoise;2787;3291;1970;4951.51;592494;F4N01153C14;1117.55;3092.99603175;23.5551;W;F1A75;W100;G007109E45301N
Glacier du Passage du Colerin;"7? 6' 31,798"" E";"45? 18' 57,659"" N";Vanoise;3089;3235;1970;2860.82;136091;F4N01153C13;299.149;3166.60317460;18.2373;SW;F1A76;W100;
Glacier des Sources de l'Arc;"7? 10' 1,307"" E";"45? 23' 43,419"" N";Vanoise;2701;3387;1970;16941.6;3622790;F4N01153B14;2920.42;3005.37451235;16.3639;W;F1A87;W100;G007170E45398N
Glacier des Trois Becs;"7? 9' 50,345"" E";"45? 24' 33,608"" N";Vanoise;3059;3328;1970;2056.43;129914;F4N01153B13;516.553;3142.16363636;26.6298;SW;F1A88;W100;G007162E45409N
Glacier de l'Arcelin - Roche Ferran_1;"6? 46' 58,406"" E";"45? 22' 8,305"" N";Vanoise;2658;3237;1970;12214;3790050;F4N01152A15;2755.87;3033.20875000;11.4671;N;F1A89;W020;
Glacier d'Etache;"6? 50' 9,282"" E";"45? 8' 24,326"" N";Vanoise;2786;3043;;2969.01;264940;F4N01154Q18;788.459;2911.12727273;21.0427;N;F1A90;W102;G006833E45140N
Glacier du Sommeiller;"6? 51' 15,716"" E";"45? 8' 2,147"" N";Vanoise;2751;3237;1971;5960.88;934071;F4N01154Q13;1326.99;2946.98734177;20.5467;N;F1A93;W102;G006856E45134N
Glacier d'Ambin;"6? 52' 3,321"" E";"45? 8' 7,672"" N";Vanoise;2700;3179;1971;3209.39;305506;F4N01154Q12;1236.84;2924.03174603;26.3581;N;F1A94;W102;G006869E45136N
Glacier Ferrand;"6? 53' 31,523"" E";"45? 8' 26,200"" N";Vanoise;3007;3305;1971;2875.41;474695;F4N01154Q10;962.99;3151.44334975;22.5255;W;F1A95;W102;G006893E45141N
Glacier des Aiguilles;"6? 53' 1,230"" E";"45? 9' 48,550"" N";Vanoise;2753;3075;1970;3116.69;334426;F4N01154Q06;864.259;2865.58156028;23.3834;NW;F1A96;W102;G006886E45163N
Glacier de Savine_2;"6? 53' 48,254"" E";"45? 10' 19,470"" N";Vanoise;2824;3304;1970;1944.9;121125;F4N01154Q01;539.681;2996.29411765;34.0245;NE;F1A98;W102;
Glacier du Bard_2;"6? 56' 6,110"" E";"45? 10' 57,881"" N";Vanoise;2914;3290;1970;2584.12;176160;F4L01421A01;1050.87;3122.28000000;27.6884;NE;F1A100;Italie;G006931E45182N
Glacier de Pierre Minieu_1;"6? 47' 54,961"" E";"45? 9' 23,105"" N";Vanoise;2968;3120;;1651.39;71242.7;F4N01154B05;634.651;3050.00000000;18.4502;N;F1A102;W102;G006798E45157N
Glacier du Fond;"6? 59' 42,555"" E";"45? 31' 5,876"" N";Vanoise;2897;3635;1970;4866.97;946993;F4N01151C03;1924.28;3179.71960298;22.848;NW;F1A110;W001;G006733E45291N
Glacier de Becca Motta;"6? 45' 17,469"" E";"45? 25' 53,700"" N";Vanoise;2718;2914;1970;1858.76;128040;F4N01146B21;536.444;2809.96296296;26.6786;N;F1A111;W021;G006754E45431N
Glacier de Troquairou;"6? 45' 32,257"" E";"45? 25' 36,223"" N";Vanoise;2676;3370;1970;3569.3;416637;F4N01146B19;1228.5;3018.89830508;31.5939;NE;F1A112;W021;G006758E45427N
Glacier de PrÚmou;"6? 51' 27,789"" E";"45? 24' 43,947"" N";Vanoise;2826;3492;1970;7211.71;1055230;F4N01146B07;903.36;3124.25507901;31.0789;N;F1A113;W021;G006862E45413N
Glacier des Grands Couloirs;"6? 48' 54,344"" E";"45? 24' 6,026"" N";Vanoise;2730;3830;1970;8487.27;942162;F4N01146C20;1862.74;3371.38636364;31.2582;W;F1A114;W020;G006811E45402N
Glacier de GÚbroulaz_1;"6? 37' 51,619"" E";"45? 17' 30,384"" N";Vanoise;2591;3490;1970;18261.9;3744890;F4N01146E06;4577.72;3003.31419558;17.1775;N;F1A117;W023;
Glacier du Grand Fond;"7? 5' 18,277"" E";"45? 20' 2,194"" N";Vanoise;2955;3612;1970;7762.39;1561180;F4N01153C07;2399.74;3272.12404288;16.8362;W;F1A118;W100;G007097E45329N
Glacier de Thorens;"6? 36' 7,721"" E";"45? 16' 6,720"" N";Vanoise;2748;3198;1970;8344.13;724370;F4N01146F10;1045.15;2939.96052632;23.734;N;F1A119;W024;G006606E45268N
Glacier de l'Arpont;"6? 45' 22,171"" E";"45? 19' 14,091"" N";Vanoise;2668;3589;1970;14211.1;4228090;F4N01152A07;3223.87;3237.88573021;19.3351;SE;F1A133;W101;G006756E45318N
Glacier des Sonnailles;"6? 44' 39,411"" E";"45? 20' 14,576"" N";Vanoise;2850;3564;1970;10105.6;1541630;F4N01146C30;2489.93;3378.95398773;16.1285;NW;F1A134;W020;G006747E45337N
Glacier de la RÚchasse;"6? 47' 45,751"" E";"45? 22' 35,121"" N";Vanoise;2761;3127;1970;5218.83;500286;F4N01152A19;787.964;2950.32057416;23.0929;N;F1A135;W020;
Glacier du Grand Marchet_1;"6? 45' 31,468"" E";"45? 21' 32,141"" N";Vanoise;2656;3238;1970;9449.46;2065200;F4N01146C24;1463.72;3007.16571429;13.939;NW;F1A138;W020;G006765E45361N
Glacier du Pelve;"6? 45' 34,365"" E";"45? 20' 38,161"" N";Vanoise;2625;3511;1970;10799.7;3798710;F4N01152A09;2986.01;3143.68831980;16.5896;NE;F1A141;W101;G006766E45335N
Glacier des Nantillons;"6? 54' 43,122"" E";"45? 54' 21,384"" N";Mont Blanc;2342;3456;1967;7298.97;624657;F4N01237A01;1802.38;2793.45112782;34.2574;NW;F1A511;V000;G006912E45907N
Glacier de BlaitiÞre;"6? 54' 9,719"" E";"45? 54' 2,763"" N";Mont Blanc;2361;3003;1967;4287.83;461048;F4N01237B03;1274.93;2593.19500000;27.1779;NW;F1A512;V000;G006901E45901N
Glacier du Plan;"6? 54' 25,276"" E";"45? 53' 39,203"" N";Mont Blanc;3119;3629;1939;1476.68;50684.8;F4N01237B02;529.317;3363.91666667;50.7618;NW;F1A513;V000;G006906E45895N
Glacier des Pelerins;"6? 53' 28,660"" E";"45? 53' 28,309"" N";Mont Blanc;2200;3238;1967;10531.5;1126930;F4N01237C01;1857.98;2548.36974790;27.1037;NW;F1A514;V000;G006889E45892N
Glacier du TÚlÚphÚrique;"6? 52' 51,533"" E";"45? 53' 9,115"" N";Mont Blanc;2480;3060;1967;3313.78;258995;F4N01237C03;442.212;2660.63302752;34.5165;NW;F1A515;V000;G006880E45886N
Glacier de la RÚpublique;"6? 55' 12,421"" E";"45? 54' 23,144"" N";Mont Blanc;2889;3190;1939;825.555;23290.4;F4N01236A15;280.364;3091.36363636;52.9687;N;F1A517;V000;G006919E45906N
Glacier de la Thendia;"6? 55' 26,499"" E";"45? 54' 37,194"" N";Mont Blanc;2251;2575;1949;1714.62;130115;F4N01236A16;522.342;2414.92857143;36.5319;NE;F1A519;V000;G006924E45911N
Glacier du Capucin;"6? 58' 9,796"" E";"45? 53' 18,647"" N";Mont Blanc;2380;3237;1939;2740.3;200597;F4N01236A11;1157.26;2739.06976744;37.5247;NE;F1A542;V000;G006969E45888N
Glacier du Nant Blanc;"6? 57' 6,304"" E";"45? 56' 18,301"" N";Mont Blanc;2192;3643;1939;10907;1063720;F4N01236A03;2272.88;2721.98000000;30.4577;W;F1A553;V000;G006951E45939N
Glacier des Drus;"6? 56' 49,848"" E";"45? 55' 59,659"" N";Mont Blanc;2415;2813;1939;2581.21;193892;F4N01236A04;1104.88;2567.66666667;24.4466;W;F1A558;V000;G006947E45933N
Glacier des Grands Montets;"6? 57' 25,897"" E";"45? 56' 44,182"" N";Mont Blanc;2830;3460;similaire Ó 1967;3003.13;287525;F4N01236A02;1283.85;3136.08130081;28.5366;W;F1A559;V000;G006955E45946N
Glacier de la Pendant;"6? 57' 6,263"" E";"45? 57' 2,739"" N";Mont Blanc;2505;3236;1967;5526.61;725619;F4N01235A10;1435.44;2812.53870968;29.5282;NW;F1A560;V000;G006952E45951N
Glacier de Lognan;"6? 57' 26,818"" E";"45? 57' 17,677"" N";Mont Blanc;2472;3100;1967;2924.11;308335;F4N01235A09;1275.81;2789.96875000;27.9923;NW;F1A561;V000;G006957E45955N
Glacier du Tricot;"6? 47' 54,159"" E";"45? 50' 9,659"" N";Mont Blanc;2600;3264;1967;2955.08;303724;F4N01239B02;976.527;2837.06923077;30.8113;SW;F1A563;V002;G006799E45837N
Glacier des PÔturages de Miage;"6? 46' 56,264"" E";"45? 49' 28,276"" N";Mont Blanc;2020;2494;similaire Ó 1967;2426.47;228152;F4N01239B05;863.57;2220.32989691;29.2737;NW;F1A564;V002;G006785E45822N
Glacier de Miage;"6? 47' 59,917"" E";"45? 49' 41,893"" N";Mont Blanc;2338;3638;1967;8589.5;1258370;F4N01239B03;2600.82;2771.42134831;23.9484;W;F1A565;V002;G006799E45827N
Glacier du Bourgeat_1;"6? 49' 51,656"" E";"45? 51' 39,668"" N";Mont Blanc;2616;3505;similaire Ó 1967;2355.2;169891;F4N01238A01;995.086;3044.73529412;43.3406;N;F1A566;V000;G006831E45863N
Glacier de TalÚfre;"6? 59' 19,168"" E";"45? 54' 55,400"" N";Mont Blanc;2346;3838;1967;31822.3;8553980;F4N01236A07;4788.31;2991.81750208;23.5221;SW;F1A590;V000;G006992E45913N
Glacier du Moine;"6? 57' 41,953"" E";"45? 54' 44,515"" N";Mont Blanc;2811;2978;similaire Ó 1967;868.318;52529.9;F4N01236A06;270.118;2843.00000000;34.9495;S;F1A591;V000;G006961E45912N
Glacier de Covagnet;"6? 46' 56,403"" E";"45? 48' 56,920"" N";Mont Blanc;2224;3653;similaire Ó 1967;7656.31;769578;F4N01239B06;1841.76;2984.64723926;36.5069;NW;F1A592;V002;G006783E45817N
Glacier d'Armancette;"6? 46' 42,526"" E";"45? 48' 32,050"" N";Mont Blanc;2527;3651;1949;5195.09;756580;F4N01239C01;2152.31;3111.04075235;31.9151;W;F1A593;V002;G006778E45809N
Glacier du Col des Miages_1;"6? 48' 9,136"" E";"45? 49' 10,467"" N";Mont Blanc;2772;3587;1949;4646.03;638772;F4N01239B04;840.163;3245.74253731;44.6115;NW;F1A594;V002;G006799E45819N
Glacier de l'Aiguille de l'Eboulement;"7? 0' 7,290"" E";"45? 53' 40,843"" N";Mont Blanc;3299;3565;similaire Ó 1967;1421.93;98560.4;F4N01236A10;463.091;3459.88372093;29.7285;NW;F1A596;V000;G007000E45895N
Glacier de Pierre Joseph;"6? 59' 40,297"" E";"45? 53' 42,112"" N";Mont Blanc;2632;3628;1939;7402.63;558464;F4N01236A09;1333.99;3029.00858369;35.4237;SW;F1A597;V000;G006994E45896N
Glacier Est du Pierroux;"6? 9' 50,450"" E";"44? 55' 51,687"" N";Ecrins;2472;2921;1967;2205.8;76824;F4N01166G11;791.31;2689.78787879;39.1656;N;F1A888;W273;G006162E44931N
Glacier de la Paroi du Pierrou_1;"6? 9' 35,997"" E";"44? 55' 50,459"" N";Ecrins;2774;2949;1967;833.839;28578.4;F4N01166G12;316.807;2847.25000000;33.7119;N;F1A891;W273;G006159E44931N
Glacier du Pierroux (Centre);"6? 9' 20,273"" E";"44? 55' 50,643"" N";Ecrins;2515;3048;1967;2462.4;228571;F4N01166G13;944.265;2783.11224490;34.5412;NE;F1A892;W273;G006155E44930N
Glacier Ouest du Pierroux;"6? 9' 2,655"" E";"44? 55' 49,578"" N";Ecrins;2643;3191;1967;2986.52;142296;F4N01166G14;975.612;2911.34426230;36.8698;N;F1A893;W273;G006149E44931N
Glacier du Soreille_ 1;"6? 14' 46,182"" E";"44? 57' 55,270"" N";Ecrins;2905;3076;1967;1326.46;60707;F4N01166B05;280.778;2974.84615385;37.2881;SE;F1A919;W273;G006245E44966N
Glacier Est du Soreiller;"6? 15' 13,915"" E";"44? 57' 58,689"" N";Ecrins;2906;3416;1967;2409.08;134028;F4N01166B06;932.192;3128.63333333;35.7841;SW;F1A920;W273;G006254E44967N
Glacier Sud Est du Soreiller;"6? 15' 28,876"" E";"44? 57' 51,643"" N";Ecrins;3043;3307;1967;1744.97;74670.7;F4N01166B07;393.152;3151.03125000;31.812;SW;F1A921;W273;G006257E44965N
Glacier du Col Nord du Plaret;"6? 15' 38,603"" E";"44? 57' 41,052"" N";Ecrins;3152;3285;1967;962.925;44709;F4N01166B08;187.117;3189.47368421;33.3015;W;F1A922;W273;G006261E44961N
Glacier du Col Sud du Plaret;"6? 15' 36,369"" E";"44? 57' 27,700"" N";Ecrins;2998;3217;1967;1060.23;36517.3;F4N01166B09;343.456;3065.36842105;34.1345;W;F1A923;W273;G006260E44958N
Glacier du Plat_2;"6? 13' 3,147"" E";"44? 57' 39,793"" N";Ecrins;3003;3186;1967;789.139;33789.1;F4N01166A18;222.445;3046.78571429;38.3611;SW;F1A926;W273;G006217E44961N
Glacier du Routier;"6? 12' 54,798"" E";"44? 57' 49,805"" N";Ecrins;2812;3261;1967;2239.35;103786;F4N01166A12;475.342;2993.34090909;35.3394;NW;F1A927;W273;G006217E44964N
Glacier Ouest du Soreiller;"6? 14' 7,903"" E";"44? 57' 56,003"" N";Ecrins;2966;3170;1967;1514.39;69819;F4N01166B04;400.65;3032.61290323;29.5086;S;F1A870;W273;G006235E44965N
Glacier du Grand Vallon;"6? 9' 57,934"" E";"44? 53' 38,584"" N";Ecrins;2800;3210;1967;2490.55;193763;F4N01152C17;546.078;2949.30588235;30.8105;W;F1A871;W230;G006886E45334N
Glacier Est de la Haute Pisse_1;"6? 8' 42,094"" E";"44? 54' 14,652"" N";Ecrins;2772;3079;1967;2643.38;165047;F4N01171D02;403.171;2866.14285714;32.0994;SW;F1A872;W230;G006144E44903N
Glacier Est de la Haute Pisse_2;"6? 8' 26,485"" E";"44? 54' 25,516"" N";Ecrins;2778;2949;1967;1176.43;51673.8;F4N01171D02;468.283;2843.68181818;29.1989;S;F1A874;W230;G006144E44903N
Glacier du Montagnon;"6? 8' 2,329"" E";"44? 54' 40,093"" N";Ecrins;2429;3105;1967;7640.75;825431;F4N01166H05;1270.44;2794.55780347;29.7915;N;F1A875;W273;G006139E44912N
Glacier Ouest de la TÛte du Salude;"6? 8' 49,191"" E";"44? 55' 5,739"" N";Ecrins;2761;3178;1967;3138.63;142470;F4N01166H03;558.655;2932.74603175;38.0306;NW;F1A876;W273;
Glacier du Lac du Salude;"6? 9' 10,855"" E";"44? 55' 3,250"" N";Ecrins;2721;2987;1967;1326.51;55564.2;F4N01166G09;388.876;2879.40000000;41.6414;E;F1A877;W273;G006152E44918N
Glacier des Arias;"6? 10' 31,815"" E";"44? 54' 4,234"" N";Ecrins;2536;3133;1967;2319.04;200698;F4N01166G03;1008.21;2755.89024390;39.9594;NW;F1A878;W273;
Glacier de la Mariande;"6? 9' 43,383"" E";"44? 54' 2,468"" N";Ecrins;2441;3056;1967;9791.18;890007;F4N01166G05;717.293;2744.15343915;31.1723;N;F1A879;W273;
Glacier de la Cime du Montagnon;"6? 8' 50,834"" E";"44? 54' 29,999"" N";Ecrins;3017;3186;1967;647.826;24537.4;F4N01166G07;218.105;3089.50000000;35.7097;SE;F1A880;W273;G006147E44908N
Glacier de la Paroi Ouest des Liches_1;"6? 8' 48,597"" E";"44? 54' 48,070"" N";Ecrins;3054;3169;1967;649.756;18377.2;F4N01166H04;144.849;3063.77777778;49.5772;W;F1A881;W273;G006143E44914N
Glacier de la TÛte des Liches;"6? 9' 5,160"" E";"44? 54' 43,720"" N";Ecrins;2713;3089;1967;3196.27;160203;F4N01166G08;692.568;2885.35820896;36.5744;E;F1A882;W273;G006151E44911N
Glacier du Col du Canard;"6? 10' 57,572"" E";"44? 54' 22,700"" N";Ecrins;2850;2920;1967;558.201;13531.8;F4N01166F22;242.779;2883.60000000;28.271;NE;F1A883;W273;G006182E44906N
Glacier Ouest de la TÛte de Caborne;"6? 10' 59,044"" E";"44? 54' 39,806"" N";Ecrins;2666;2731;1967;460.117;13943.6;F4N01166G01;235.631;2684.20000000;33.5884;N;F1A885;W273;G006182E44911N
Glacier du Bec du Canard;"6? 10' 50,435"" E";"44? 53' 48,104"" N";Ecrins;2740;3140;1967;2675.34;132028;F4N01166F21;594.683;2936.39285714;35.4495;E;F1A886;W273;G006179E44896N
Glacier Suspendu;"6? 13' 26,501"" E";"44? 57' 58,894"" N";Ecrins;2973;3342;1967;919.613;39803.6;F4N01144G02;304.943;3162.88888889;48.4595;NE;F1A929;W273;G006866E45505N
Glacier de Burlan;"6? 13' 4,589"" E";"44? 58' 14,106"" N";Ecrins;2521;2774;1967;967.279;41837.9;F4N01166A11;381.358;2618.05555556;36.3355;N;F1A930;W273;G006217E44970N
Glacier Ouest du Diable;"6? 14' 22,493"" E";"44? 58' 16,134"" N";Ecrins;2425;3095;1967;2717.38;166158;F4N01166A08;995.479;2711.16901408;36.2169;N;F1A931;W273;G006239E44970N
Glacier Est du Diable;"6? 14' 52,598"" E";"44? 58' 20,064"" N";Ecrins;2563;3001;1967;3347.13;308550;F4N01166A07;724.558;2768.96153846;32.3545;N;F1A932;W273;G006247E44972N
Glacier de la Selle;"6? 16' 7,775"" E";"44? 59' 8,013"" N";Ecrins;2488;3749;1967;22732.5;3544960;F4N01166A04;2323.87;2966.08194537;24.8923;W;F1A933;W273;G006256E44974N
Glacier du Plaret;"6? 16' 5,878"" E";"44? 57' 48,966"" N";Ecrins;2801;3396;1967;5701.23;636676;F4N01166C03;794.387;3006.24264706;28.1021;E;F1A934;W273;G006266E44965N
Glacier Ouest de la Selle;"6? 15' 37,958"" E";"44? 59' 38,010"" N";Ecrins;2939;3424;1971;2151.45;135353;F4N01166A03;931.489;3221.32075472;34.7702;S;F1A935;W273;G006260E44995N
Glacier de la Girose;"6? 15' 7,548"" E";"45? 0' 24,574"" N";Ecrins;2464;3647;1971;14847.3;5798730;F4N01165F02;3073.31;3160.99059689;21.2526;N;F1A940;W271;G006252E45009N
Glacier du Vallon;"6? 16' 5,469"" E";"45? 0' 35,651"" N";Ecrins;2852;3317;1971;2812.17;204084;F4N01165E04;745.889;3098.94186047;29.9078;NE;F1A941;W270;G006268E45010N
Glacier des Barres;"6? 22' 18,269"" E";"44? 55' 23,553"" N";Ecrins;2752;3462;1967;2594.07;86263.9;F4N01083B17;516.512;2995.13157895;41.4273;SE;F1A969;X012;G006371E44924N
Glacier Noir;"6? 22' 44,301"" E";"44? 54' 20,831"" N";Ecrins;2068;3760;1967;27634;4465210;F4N01083B15;5018.08;2733.25519446;21.5652;NE;F1A970;X012;G006383E44906N
Glacier Blanc;"6? 22' 47,678"" E";"44? 56' 19,261"" N";Ecrins;2303;3993;1967;28864.2;5787460;F4N01083B21;6086.99;3181.75479396;20.2351;E;F1A1769;X012;G006382E44944N
Glacier du Serre Soubeyran;"6? 23' 29,618"" E";"44? 56' 1,896"" N";Ecrins;2771;3382;1967;3441.77;232236;F4N01083B20;974.923;3067.91578947;35.3007;E;F1A973;X012;G006390E44934N
Glacier de la Roche Faurio_1;"6? 22' 16,255"" E";"44? 57' 9,244"" N";Ecrins;2467;3379;1967;3252;186117;F4N01165B03;799.395;2883.51282051;41.2495;NW;F1A974;W270;G006370E44952N
Glacier du ChÚret;"6? 18' 56,039"" E";"44? 53' 24,689"" N";Ecrins;2736;2942;1967;1028.88;56814;F4N01166B18;352.409;2825.29166667;35.1006;NE;F1A976;W273;
Glacier du Petit Chardon;"6? 18' 2,800"" E";"44? 52' 48,164"" N";Ecrins;2284;3199;1967;9270.57;730588;F4N01166D20;1560.34;2693.52287582;32.8651;N;F1A977;W273;G006275E44878N
Glacier de la Grande Ruine;"6? 19' 12,244"" E";"44? 57' 55,670"" N";Ecrins;2777;3540;1967;7480.74;707134;F4N01166C19;1129.01;3102.78104575;33.6081;W;F1A979;W273;G006321E44965N
Glacier du Clot des Cavales;"6? 19' 57,138"" E";"44? 58' 35,159"" N";Ecrins;2571;3503;1967;9376.83;1179480;F4N01165C02;1132.96;2921.91600000;31.872;N;F1A981;W270;
Glacier supÚrieur des Cavales;"6? 19' 31,665"" E";"44? 59' 41,840"" N";Ecrins;3096;3580;1971;3276.59;210004;F4N01165C06;861.79;3272.06741573;36.7719;S;F1A982;W270;G006324E44995N
Glacier de la BrÛche du Relpat;"6? 17' 55,192"" E";"44? 59' 15,361"" N";Ecrins;2435;2829;1971;2889.05;135820;F4N01166C08;573.49;2550.31481481;21.3163;SE;F1A1776;W273;G006285E44987N
Glacier de la BrÛche du Rateau_1;"6? 17' 20,247"" E";"44? 59' 37,633"" N";Ecrins;2906;3531;1971;3675.2;217453;F4N01166C09;994.877;3226.69148936;36.709;SE;F1A985;W273;G006287E44995N
Glacier de la BrÛche du Rateau_2;"6? 17' 13,004"" E";"44? 59' 36,642"" N";Ecrins;3267;3379;1971;731.493;21970.7;F4N01166C09;267.693;3333.20000000;39.8138;E;F1A986;W273;G006287E44995N
Glacier des Etanþons_1;"6? 17' 48,948"" E";"44? 59' 55,015"" N";Ecrins;2878;3516;1971;5362.25;642534;F4N01166C12;968.36;3156.86194030;32.7003;SE;F1A987;W273;G006293E44998N
Glacier des Etanþons_2;"6? 18' 50,190"" E";"44? 59' 49,047"" N";Ecrins;2863;3707;1971;8836.09;988729;F4N01166C12;1723.22;3178.02898551;39.0441;SW;F1A988;W273;G006293E44998N
Glacier CarrÚ;"6? 18' 23,344"" E";"45? 0' 12,843"" N";Ecrins;3693;3807;1971;597.351;20138;F4N01166C13;167.989;3712.37500000;36.8702;S;F1A989;W273;G006306E45004N
Glacier du Rateau;"6? 16' 53,221"" E";"45? 0' 31,133"" N";Ecrins;2456;3422;1971;8447.58;1146260;F4N01165E03;1705.09;2859.93788820;32.6191;N;F1A990;W270;G006284E45012N
Glacier du Tabuchet;"6? 19' 15,033"" E";"45? 1' 0,531"" N";Ecrins;2589;3583;1971;7712.36;1559680;F4N01165E01;1889.33;3101.69591528;29.8102;N;F1A991;W270;G006321E45014N
Glacier du Lautaret;"6? 20' 21,394"" E";"45? 0' 23,094"" N";Ecrins;2219;3515;1971;9678.79;1397080;F4N01165D03;2851.53;2826.23549488;28.8116;NE;F1A992;W270;G006345E45004N
Glacier de la Seille Vieille_1;"6? 20' 10,614"" E";"45? 1' 8,536"" N";Ecrins;2756;3022;1971;1114.63;59491;F4N01165D04;441.245;2950.00000000;36.1976;NE;F1A993;W270;G006335E45019N
Glacier de la Seille Vieille_2;"6? 20' 25,207"" E";"45? 1' 11,003"" N";Ecrins;2682;2756;1971;470.681;13848.6;F4N01165D04;117.042;2711.00000000;40.5323;N;F1A995;W270;G006335E45019N
Glacier de la Seille Vieille_3;"6? 20' 37,281"" E";"45? 1' 11,363"" N";Ecrins;2615;2736;1971;738.007;16813.7;F4N01165D04;192.811;2657.60000000;41.4075;N;F1A996;W270;G006335E45019N
Glacier Lombard;"6? 19' 25,035"" E";"45? 6' 30,878"" N";Thabor Aiguilles d'Arves;2915;3354;1971;6384.4;904508;F4N01164C05;1305.28;3154.55729167;19.3127;NE;F1A1705;W270;G006322E45109N
Glacier du GolÚon;"6? 20' 14,385"" E";"45? 6' 1,679"" N";Thabor Aiguilles d'Arves;2772;2957;1971;1401.07;43847.4;F4N01164C04;601.397;2847.47368421;19.4065;E;F1A1706;W270;G006334E45099N
Glacier de la Veyrardonne;"6? 18' 45,387"" E";"44? 47' 8,681"" N";Ecrins;2703;3186;1970;2672.38;186321;F4N01173D01;833.383;2897.18181818;35.0086;SE;F1A1035;W201;G006312E44785N
Glacier de la Vera Pervoz;"6? 19' 47,503"" E";"44? 55' 14,573"" N";Ecrins;2604;3177;1967;3880.4;291461;F4N01166D01;885.378;2844.99193548;29.4547;W;F1A1036;W273;G006329E44919N
Glacier de Bonne Pierre;"6? 20' 21,895"" E";"44? 55' 54,214"" N";Ecrins;2396;3330;1967;11744.1;2067070;F4N01166C26;3602.24;2798.91240046;19.9616;NW;F1A1037;W273;G006337E44931N
Glacier de la BrÛche d'Alvau;"6? 20' 53,088"" E";"44? 56' 25,681"" N";Ecrins;2983;3295;1967;2714.45;129402;F4N01166C25;599.635;3088.52727273;33.6041;S;F1A1039;W273;G006347E44941N
Glacier d'Alvau;"6? 20' 18,793"" E";"44? 56' 35,256"" N";Ecrins;3015;3361;1967;2512.9;91498.1;F4N01166C24;415.979;3165.04878049;32.7392;SW;F1A1040;W273;G006338E44942N
Glacier Nord Ouest de la Cime de l'Encoula;"6? 16' 35,976"" E";"44? 54' 31,668"" N";Ecrins;2863;3312;1967;2110.1;66574.7;F4N01166E02;579.552;2944.50000000;40.441;NW;F1A1044;W273;G006277E44909N
Glacier de Petit Pierre;"6? 16' 48,415"" E";"44? 54' 21,089"" N";Ecrins;3148;3421;1967;1094.57;64907;F4N01166E03;372.849;3283.61538462;36.0625;W;F1A1045;W273;G006279E44906N
Glacier du Col de Clot Chatel;"6? 16' 32,053"" E";"44? 53' 11,973"" N";Ecrins;3081;3275;1967;1209.41;61782.4;F4N01166D25;466.898;3172.04166667;30.6878;SE;F1A1046;W273;G006275E44887N
Glacier Sud Est de Clot Chatel;"6? 17' 1,194"" E";"44? 53' 34,917"" N";Ecrins;3014;3205;1967;1212.3;50996.5;F4N01166D28;285.333;3121.25000000;40.1134;SE;F1A1047;W273;G006283E44893N
Glacier Nord Est de Clot Chatel;"6? 17' 12,709"" E";"44? 53' 54,387"" N";Ecrins;2755;3279;1967;2827.17;160809;F4N01166D26;863.617;3003.02857143;37.1875;E;F1A1048;W273;G006286E44899N
Glacier Sud Est de la Cime de l'Encoula;"6? 17' 7,925"" E";"44? 54' 10,895"" N";Ecrins;3167;3420;1967;1890.14;65874;F4N01166D30;406.452;3280.92592593;39.4202;SE;F1A1050;W273;G006285E44903N
Glacier du Col de l'Encoula;"6? 16' 45,393"" E";"44? 54' 7,515"" N";Ecrins;3068;3449;1967;2071.44;121633;F4N01166E04;509.556;3231.09803922;42.0348;NW;F1A1051;W273;G006279E44902N
Glacier des Pichettes_1;"6? 20' 56,970"" E";"44? 59' 48,442"" N";Ecrins;3067;3364;1971;2365.83;120775;F4N01165C14;485.228;3201.44230769;40.6945;SE;F1A1103;W270;
Glacier du Clot Boucharet;"6? 21' 43,727"" E";"44? 59' 57,671"" N";Ecrins;2749;3047;1971;2294.3;99917.9;F4N01165C16;417.015;2883.21428571;37.666;E;F1A1106;W270;G006361E45000N
Glacier du Peigne;"6? 21' 40,428"" E";"45? 0' 13,860"" N";Ecrins;2685;2899;1971;1157.09;84050.8;F4N01165D01;402.967;2820.44444444;37.4677;N;F1A1107;W270;G006360E45004N
Glacier des Bans;"6? 20' 30,788"" E";"44? 50' 44,658"" N";Ecrins;2805;3458;1967;2588.39;142117;F4N01083A13;861.756;3085.37096774;42.8139;SE;F1A1201;X012;G006342E44847N
Glacier du Fournet_2;"6? 21' 0,011"" E";"44? 50' 54,750"" N";Ecrins;2867;3346;1967;3766.6;187614;F4N01083A14;555.827;3062.33333333;36.9629;SE;F1A1202;X012;G006358E44853N
Glacier du Fournet_1;"6? 21' 32,107"" E";"44? 51' 8,862"" N";Ecrins;3089;3391;1967;3642.24;245221;F4N01083A14;425.896;3235.49523810;34.4261;S;F1A1204;X012;G006358E44853N
Glacier du Gersa;"6? 22' 5,906"" E";"44? 51' 9,689"" N";Ecrins;2888;3263;1967;2356.21;111159;F4N01083A15;930.837;3065.37777778;27.9729;S;F1A1205;X012;G006366E44852N
Glacier du Riou Blanc;"6? 22' 55,174"" E";"44? 51' 32,553"" N";Ecrins;3059;3282;1967;1652.67;72404.6;F4N01083A17;588.582;3144.59375000;26.8066;S;F1A1206;X012;G006380E44858N
Glacier de la Grande Roche_1;"6? 15' 36,088"" E";"44? 51' 23,913"" N";Ecrins;2691;3038;1967;3172.82;261918;F4N01172D02;464.519;2830.88288288;35.3658;E;F1A1207;W210;G006277E44868N
Glacier de la Grande Roche_2;"6? 16' 8,935"" E";"44? 51' 54,216"" N";Ecrins;2687;3182;1967;4654.56;252462;F4N01172D02;941.275;2918.64485981;38.0245;SE;F1A1208;W210;G006277E44868N
Glacier de la Grande Roche_3;"6? 16' 38,360"" E";"44? 52' 3,418"" N";Ecrins;2754;3100;1967;1740.34;115278;F4N01172D02;631.275;2922.06122449;36.0633;S;F1A1209;W210;G006277E44868N
Glacier du Vaccivier;"6? 17' 31,045"" E";"44? 52' 14,732"" N";Ecrins;2775;3073;1967;2153.55;153312;F4N01172D03;683.466;2909.86764706;32.092;SE;F1A1210;W210;G006289E44871N
Glacier du Says;"6? 18' 57,149"" E";"44? 52' 5,755"" N";Ecrins;2396;3310;1967;10875.4;999325;F4N01166D14;1532.18;2969.48235294;29.8957;NE;F1A1211;W273;G006319E44867N
Glacier de la Pierre;"6? 20' 11,590"" E";"44? 47' 39,499"" N";Ecrins;2855;3122;1970;4908.59;413887;F4N01173D02;536.849;2937.11864407;29.916;S;F1A1212;W201;G006330E44793N
Glacier de Surette;"6? 20' 33,082"" E";"44? 49' 4,692"" N";Ecrins;2665;3267;1967;3587.34;287385;F4N01172F01;1188.57;2925.57264957;32.0684;SW;F1A1262;W210;G006342E44818N
Glacier du Col du Sirac;"6? 20' 22,664"" E";"44? 48' 46,406"" N";Ecrins;2612;3053;1967;1669.45;59301;F4N01172F02;173.509;2829.12500000;39.882;W;F1A1263;W210;G006338E44813N
Glacier de Jarroux;"6? 20' 41,386"" E";"44? 48' 27,624"" N";Ecrins;2695;3106;1970;1919.17;72032.3;F4N01083A08;702.959;2938.58064516;33.6666;E;F1A1264;X012;G006345E44805N
Glacier Subeyrar du Loup;"6? 20' 52,742"" E";"44? 48' 47,525"" N";Ecrins;2787;3173;1967;4763.54;444077;F4N01083A09;905.574;3009.76595745;25.5768;SE;F1A1265;X012;G006348E44814N
Glacier de la Condamine_1;"6? 19' 3,948"" E";"44? 50' 40,487"" N";Ecrins;2302;2979;1967;6279.62;572415;F4N01172D05;1208.46;2502.18257261;25.4777;NW;F1A1266;W210;G006318E44844N
Glacier de la Condamine_2;"6? 19' 32,708"" E";"44? 50' 38,273"" N";Ecrins;2675;2992;1967;1077.54;22253.6;F4N01172D05;370.295;2779.70000000;44.2079;NW;F1A1267;W210;G006318E44844N
Glacier SupÚrieur de la Condamine_2;"6? 19' 46,118"" E";"44? 50' 49,538"" N";Ecrins;2998;3098;1967;314.01;6518.85;F4N01172D05;122.253;3034.50000000;44.4336;S;F1A1268;W210;G006318E44844N
Glacier SupÚrieur de la Condamine_1;"6? 19' 57,160"" E";"44? 50' 46,056"" N";Ecrins;3146;3479;1967;1895.32;133766;F4N01172D05;633.666;3293.78181818;38.0638;W;F1A1270;W210;G006318E44844N
Glacier Ouest des Bans;"6? 19' 46,362"" E";"44? 51' 1,235"" N";Ecrins;3326;3441;1967;615.705;24743.4;F4N01172D04;265.714;3359.88888889;33.3547;SW;F1A1271;W210;G006331E44847N
Glacier des Aupillous;"6? 19' 43,959"" E";"44? 49' 49,433"" N";Ecrins;2679;3022;1967;3403.12;381546;F4N01172E01;1075.6;2819.70807453;22.0324;W;F1A1272;W210;G006326E44830N
Glacier du Sellar_1;"6? 20' 20,425"" E";"44? 50' 5,949"" N";Ecrins;2604;3080;1967;2625.41;130713;F4N01083A12;690.859;2816.47368421;36.4584;E;F1A1273;X012;G006336E44835N
Glacier de Boverjat;"6? 18' 45,021"" E";"44? 52' 41,443"" N";Ecrins;2774;3159;1967;2750.73;174070;F4N01166D16;610.431;3021.81081081;28.7239;E;F1A1274;W273;G006311E44879N
Glacier du Col du ChÚret;"6? 18' 53,348"" E";"44? 53' 2,869"" N";Ecrins;2834;2981;1967;725.144;27682.2;F4N01166D17;305.507;2932.36363636;28.8183;NE;F1A1275;W273;G006314E44884N
Glacier des Rouies;"6? 15' 50,537"" E";"44? 52' 22,538"" N";Ecrins;2740;3569;1967;8872.11;1608190;F4N01166D22;2591.5;3244.24522761;22.1794;NE;F1A1276;W273;
Glacier du Chardon;"6? 17' 8,302"" E";"44? 52' 47,385"" N";Ecrins;2156;3272;1967;9603.71;1312120;F4N01166D20;3220.89;2548.95885510;23.3769;NE;F1A1277;W273;G006275E44878N
Glacier de l'Ane;"6? 16' 15,893"" E";"44? 52' 56,499"" N";Ecrins;2829;3313;1967;2969.54;208299;F4N01166D23;1199.16;3049.07058824;32.864;SE;F1A1278;W273;G006269E44882N
Glacier du SÚlÚ_2;"6? 21' 36,750"" E";"44? 51' 53,175"" N";Ecrins;2951;3292;1967;1305.98;94028.8;F4N01083B06;483.501;3151.13157895;39.7733;E;F1A1279;X012;G006367E44861N
Glacier du SÚlÚ_1;"6? 22' 1,804"" E";"44? 51' 45,508"" N";Ecrins;2519;3410;1967;8822.72;2081010;F4N01083B06;2869.76;2967.87001140;22.3226;NE;F1A1281;X012;G006367E44861N
Glacier du Coin;"6? 20' 54,632"" E";"44? 51' 56,691"" N";Ecrins;2894;3306;1967;4189.7;301924;F4N01166D10;894.86;3055.21641791;31.7025;W;F1A1282;W273;G006347E44864N
Glacier du Casset;"6? 26' 24,786"" E";"44? 57' 30,865"" N";Ecrins;1985;3597;1967;12029.8;1373780;F4N01084A04;3133.37;3013.76856649;29.1697;NE;F1A1329;X001;G006439E44956N
Glacier de la TÛte du Grand Bois;"6? 14' 17,839"" E";"44? 54' 57,562"" N";Ecrins;2948;3093;1967;771.873;38619;F4N01166E09;264.262;2999.33333333;30.9676;N;F1A1330;W273;G006238E44916N
Glacier de l'Ours;"6? 14' 9,741"" E";"44? 54' 50,293"" N";Ecrins;2908;3059;1967;869.669;41116.5;F4N01166F01;327.516;2949.43750000;29.802;NW;F1A1331;W273;G006235E44914N
Glacier des FÚtoules;"6? 14' 12,550"" E";"44? 54' 12,539"" N";Ecrins;2926;3408;1967;3024.62;230559;F4N01166F02;796.548;3149.45833333;32.7631;NW;F1A1333;W273;G006235E44903N
Glacier du Col Nord de l'Etret;"6? 14' 19,313"" E";"44? 53' 48,789"" N";Ecrins;3054;3358;1967;1280.64;47703.4;F4N01166F03;384.546;3165.89473684;41.4304;W;F1A1334;W273;G006238E44897N
Glacier du Clocher de l'Etret;"6? 14' 25,275"" E";"44? 53' 33,713"" N";Ecrins;2982;3460;1967;3111.18;171890;F4N01166F04;911.378;3150.27027027;35.534;W;F1A1336;W273;G006241E44893N
Glacier de l'Etret;"6? 14' 54,767"" E";"44? 53' 9,637"" N";Ecrins;3101;3333;1967;2257.49;154736;F4N01166F06;368.629;3190.52307692;32.2616;S;F1A1337;W273;G006246E44886N
Glacier de la Pointe Jeanne;"6? 14' 28,895"" E";"44? 54' 16,087"" N";Ecrins;2941;3108;1967;814.961;38336.6;F4N01166E07;256.13;3030.37500000;42.0733;NE;F1A1338;W273;G006241E44904N
Glacier du Vallon des Etages;"6? 15' 31,580"" E";"44? 53' 35,460"" N";Ecrins;2370;3310;1967;18975.5;2302270;F4N01166E06;1739.54;2830.23765432;30.3551;N;F1A1339;W273;G006263E44892N
Glacier du RÚou d'Arsine;"6? 25' 48,435"" E";"44? 57' 48,677"" N";Ecrins;2650;3246;1967;3270.23;264482;F4N01084B01;1057.55;2953.52212389;29.245;NW;F1A1341;X001;G006431E44963N
Glacier SupÚrieur d'Arsine;"6? 25' 34,957"" E";"44? 57' 30,967"" N";Ecrins;2690;3589;1967;5444.02;370692;F4N01084B02;1205.12;3067.24183007;31.5336;NW;F1A1342;X001;G006416E44959N
Glacier d'Arsine;"6? 24' 33,960"" E";"44? 57' 38,062"" N";Ecrins;2452;3490;1967;19097.5;2493790;F4N01184B05;2570.95;2717.50659134;19.5919;N;F1A1786;W270;
Glacier du Rif de la Planche;"6? 23' 33,792"" E";"44? 58' 4,399"" N";Ecrins;2666;3176;1967;2647.1;116106;F4N01165A05;867.505;2938.51020408;33.6572;NE;F1A1344;W270;G006393E44967N
Glacier de la ChamoissiÞre;"6? 23' 7,554"" E";"44? 58' 35,023"" N";Ecrins;2725;2984;1967;1495.03;59419;F4N01165A07;305.543;2812.40740741;40.5259;N;F1A1345;W270;G006384E44977N
Glacier Tuckett_1;"6? 25' 30,127"" E";"44? 56' 57,160"" N";Ecrins;3203;3478;1967;1115.17;70530;F4N01083B24;471.916;3333.38709677;31.6793;S;F1A1347;X012;G006428E44950N
Glacier de la Maye;"6? 11' 23,359"" E";"44? 51' 42,263"" N";Ecrins;2318;3117;1967;4810.14;184931;F4N01171E05;521.069;2449.50617284;42.7473;W;F1A1348;W230;G006188E44860N
Glacier de Font Turbat;"6? 11' 43,800"" E";"44? 52' 21,672"" N";Ecrins;2667;3187;1967;2761.49;133662;F4N01171E04;520.484;2961.92727273;36.6105;SW;F1A1349;W230;G006197E44874N
Glacier du Petit Vallon;"6? 10' 27,006"" E";"44? 53' 27,391"" N";Ecrins;2820;3277;1967;2743.91;156654;F4N01171E02;656.376;3059.04545455;33.8988;S;F1A1350;W230;G006174E44892N
Glacier du Clot;"6? 11' 35,014"" E";"44? 51' 13,025"" N";Ecrins;2888;3119;1967;1433.32;94650.7;F4N01172B01;361.214;2958.56097561;34.8819;S;F1A1351;W210;G006191E44853N
Glacier de l'Olan;"6? 12' 9,684"" E";"44? 51' 14,653"" N";Ecrins;2781;3309;1967;6226.53;327706;F4N01172B02;784.556;2968.30215827;38.436;S;F1A1352;W210;G006201E44854N
Glacier de la Rouye ou de la Cime du Vallon;"6? 13' 24,552"" E";"44? 50' 48,356"" N";Ecrins;2726;2874;1967;559.974;22581;F4N01172C01;187.47;2776.20000000;41.8822;SE;F1A1356;W210;G006229E44849N
Glacier de la Rouye ou de la Cime du Vallon;"6? 13' 50,265"" E";"44? 50' 51,071"" N";Ecrins;2553;2966;1967;3126.89;141579;F4N01172C01;837.893;2732.08771930;37.9868;S;F1A1358;W210;G006229E44849N
Glacier du Vallon_1;"6? 13' 2,206"" E";"44? 50' 53,685"" N";Ecrins;2668;3157;1967;1948.48;101170;F4N01172C01;689.138;2910.19047619;33.7186;SW;F1A1359;W210;G006229E44849N
Glacier du Vallon_2;"6? 13' 21,532"" E";"44? 51' 7,013"" N";Ecrins;3172;3399;1967;1265.52;76261.7;F4N01172C01;404.38;3299.83870968;31.9863;SW;F1A1361;W210;G006229E44849N
Glacier de Combeynot_1;"6? 24' 55,763"" E";"45? 1' 6,138"" N";Ecrins;2536;2953;1971;1976.48;134438;;823.243;2720.18965517;26.6879;N;F1A997;X001;G006419E44898N
Glacier de Combeynot_2;"6? 24' 43,448"" E";"45? 0' 56,213"" N";Ecrins;2800;2979;1971;723.074;16920.7;;318.601;2945.14285714;34.7277;NW;F1A998;X001;G006419E44898N
Glacier de la ClapiÞre;"6? 26' 28,807"" E";"45? 3' 59,969"" N";Thabor Aiguilles d'Arves;2546;3112;1971;2815.74;104930;F4N01154C09;380.539;2684.22727273;33.4063;N;F1A1716;W104;G006440E45066N
Glacier de Gouiran;"6? 17' 54,532"" E";"44? 47' 3,847"" N";Ecrins;2725;2958;1970;1138.28;62256.1;F4N01172F06;408.536;2826.32142857;32.0721;W;F1A999;W210;G006297E44784N
Glacier de Vallonpierre;"6? 18' 8,116"" E";"44? 47' 16,427"" N";Ecrins;2861;3336;1970;1888.1;137514;F4N01172F06;716.423;3084.40000000;35.0326;W;F1A1000;W210;G006297E44784N
Glacier Est de la Cime de l'Encoula;"6? 17' 38,599"" E";"44? 54' 26,726"" N";Ecrins;2646;2820;1967;908.542;40803.5;F4N01166D31;260.067;2726.35294118;37.8292;E;F1A1085;W273;G006293E44908N
Glacier de l'Encoula;"6? 17' 11,497"" E";"44? 54' 43,935"" N";Ecrins;2397;3214;1967;4746.07;417143;F4N01166D33;1355.42;2806.86813187;35.3926;NE;F1A1086;W273;
Glacier des Clots;"6? 16' 56,937"" E";"44? 55' 16,549"" N";Ecrins;2666;2745;1967;772.49;30424.1;F4N01166D34;181.983;2717.81818182;31.8841;NE;F1A1087;W273;G006282E44921N
Glacier de Coste Rouge;"6? 21' 1,587"" E";"44? 53' 25,847"" N";Ecrins;2594;3248;1967;3678.2;333971;F4N01166D05;1323.56;2849.47101449;28.1392;W;F1A1088;W273;G006351E44891N
Glacier Suspendu de l'Ailefroide;"6? 21' 39,861"" E";"44? 53' 23,018"" N";Ecrins;3447;3788;1967;1065.28;65409.2;F4N01083B14;296.866;3589.11111111;51.8697;N;F1A1089;X012;G006360E44890N
Glacier de l'Ailefroide;"6? 21' 40,749"" E";"44? 52' 40,976"" N";Ecrins;2777;3832;1967;17953.1;1523600;F4N01083B07;1302.86;3285.14130435;33.9425;SE;F1A1090;X012;G006357E44868N
Glacier du Coup de Sabre;"6? 22' 44,810"" E";"44? 53' 7,652"" N";Ecrins;2974;3505;1967;5202.18;606641;F4N01083B08;1384.32;3193.17322835;28.4405;SE;F1A1091;X012;G006376E44885N
Glacier du vallon de la Pilatte;"6? 20' 56,574"" E";"44? 55' 0,618"" N";Ecrins;2960;3838;1967;9406.36;1166940;F4N01166D03;1483.16;3334.62857143;30.7751;SW;F1A1092;W273;G006347E44919N
Glacier Claire_1;"6? 20' 15,324"" E";"44? 59' 50,429"" N";Ecrins;3181;3742;1971;2460.25;150630;F4N01165C09;751.275;3406.28333333;35.3709;SE;F1A1094;W270;G006336E44998N
Glacier des PrÚs des Fonts;"6? 27' 13,614"" E";"44? 57' 25,953"" N";Ecrins;2680;3067;1967;2351.97;128459;F4N01084A03;863.313;2884.50943396;27.2551;NE;F1A1095;X001;G006455E44957N
Glacier de la Temple_1;"6? 21' 22,422"" E";"44? 54' 24,754"" N";Ecrins;3296;3561;1967;1126.82;40994.3;F4N01166D04;190.904;3354.66666667;39.9296;SW;F1A1096;W273;G006356E44907N
Glacier de la Temple_3;"6? 21' 8,290"" E";"44? 53' 55,453"" N";Ecrins;2884;3331;1967;3575.62;147641;F4N01166D04;1125.07;3132.42857143;37.092;NW;F1A1097;W273;G006356E44907N
Glacier de la Grande Sagne;"6? 22' 52,297"" E";"44? 55' 41,075"" N";Ecrins;2900;3428;1967;2011.7;85281.5;F4N01083B19;541.537;3064.72222222;36.7351;SE;F1A1098;X012;G006380E44927N
Glacier de l'ArÚna Suspendu;"6? 16' 22,823"" E";"44? 57' 14,980"" N";Ecrins;2918;3059;1967;812.149;39448.8;F4N01166C01;264.33;2991.62500000;36.6931;NE;F1A1099;W273;G006272E44954N
Glacier d'Arena;"6? 16' 18,036"" E";"44? 57' 25,375"" N";Ecrins;2603;3132;1967;2506.42;182255;F4N01166C02;825.332;2857.69333333;32.7188;E;F1A1100;W273;G006270E44957N
Glacier Claire_ 2;"6? 20' 38,629"" E";"44? 59' 45,384"" N";Ecrins;3063;3415;1971;1702.95;79179.5;F4N01165C11;467.012;3250.09375000;36.1323;SW;F1A1101;W270;G006344E44997N
Glacier Claire_3;"6? 20' 13,218"" E";"44? 59' 41,159"" N";Ecrins;3167;3413;1971;902.949;26508;F4N01165C10;354.905;3309.91666667;38.6133;E;F1A1102;W270;G006337E44995N
Glacier de la GandoliÞre_1;"6? 16' 40,568"" E";"44? 58' 33,764"" N";Ecrins;2687;3309;1967;4740.81;277033;F4N01166C05;817.943;3019.55833333;32.3204;E;F1A1141;W273;G006278E44975N
Glacier du Fauteuil;"6? 21' 14,406"" E";"45? 0' 10,727"" N";Ecrins;3061;3197;1971;984.362;65518.2;F4N01165D02;231.849;3108.38461538;31.702;N;F1A1142;W270;G006354E45003N
Glacier SupÚrieur des Agneaux_1;"6? 20' 16,723"" E";"44? 58' 1,343"" N";Ecrins;2969;3654;1967;5447.94;452167;F4N01165B10;1030.19;3317.27179487;30.5851;SE;F1A1143;W270;G006336E44968N
Glacier de la Casse dÚserte;"6? 19' 57,443"" E";"44? 57' 42,906"" N";Ecrins;3008;3452;1967;3304.39;263452;F4N01165B09;966.266;3226.27777778;29.4193;SE;F1A1145;W270;
Glacier de la Roche Faurio_2;"6? 22' 35,794"" E";"44? 57' 17,895"" N";Ecrins;2874;3310;1967;1972.94;75106;F4N01165B03;553.883;3033.87096774;41.116;NW;F1A1146;W270;G006370E44952N
Glacier des Agneaux;"6? 23' 2,944"" E";"44? 57' 31,877"" N";Ecrins;2828;3554;1967;4478.15;425671;F4N01165B02;1113.14;3242.33714286;35.5567;NW;F1A1147;W270;G006383E44960N
Glacier de la Meije;"6? 18' 8,255"" E";"45? 0' 33,923"" N";Ecrins;2297;3773;1971;16119.9;2003220;F4N01165E02;2669.91;3082.31087470;35.2376;N;F1A1149;W270;G006296E45008N
Glacier supÚrieur du Lautaret;"6? 20' 7,494"" E";"45? 0' 2,606"" N";Ecrins;2943;3691;1971;4095.45;209822;F4N01165D03;452.07;3292.68478261;44.7928;N;F1A1150;W270;G006345E45004N
Glacier du Bec_1;"6? 19' 48,724"" E";"45? 1' 13,549"" N";Ecrins;2895;3269;1971;1952.34;91336;F4N01165D06;651.802;3059.51282051;34.7719;N;F1A1151;W270;
Glacier du Bec_2;"6? 19' 54,927"" E";"45? 1' 1,899"" N";Ecrins;3215;3409;1971;848.501;48167.7;F4N01165D05;304.652;3345.14285714;33.0634;N;F1A1152;W270;G006330E45020N
Glacier de Bonvoisin;"6? 20' 44,753"" E";"44? 49' 44,024"" N";Ecrins;2397;3066;1967;3898.32;249094;F4N01083A11;1017.85;2741.06603774;38.3664;NE;F1A1153;X012;G006345E44830N
Glacier des BruyÞres_1;"6? 21' 9,657"" E";"44? 49' 22,991"" N";Ecrins;2535;3295;1967;3643.19;281487;F4N01083A10;1129.32;2897.58823529;42.1865;NE;F1A1154;X012;G006353E44824N
Glacier des BruyÞres_2;"6? 21' 23,488"" E";"44? 49' 40,840"" N";Ecrins;2333;2436;1967;748.559;22737.8;F4N01083A10;218.508;2389.66666667;32.3623;N;F1A1155;X012;G006353E44824N
Glacier de l'AmirÚe BruyÞre;"6? 21' 45,186"" E";"44? 49' 25,330"" N";Ecrins;2385;3111;1967;3040.62;98954.1;;518.58;2725.70000000;39.6703;NE;F1A1156;X012;G006419E44898N
Glacier du Pic de Malamort;"6? 21' 11,896"" E";"44? 49' 3,594"" N";Ecrins;3098;3287;1967;1048.36;39353.7;F4N01083A;276.586;3189.41176471;33.8638;SE;F1A1157;X012;
Glacier de Malamort;"6? 21' 30,184"" E";"44? 49' 9,615"" N";Ecrins;2873;3162;1967;1833.56;79839.6;;666.491;3000.97142857;40.7394;SE;F1A1158;X012;G006419E44898N
Glacier du Jocelme;"6? 20' 17,256"" E";"44? 49' 26,305"" N";Ecrins;3074;3428;1967;3830.34;266257;F4N01172F01;847.777;3248.46428571;27.7816;S;F1A1160;W210;G006342E44818N
Glacier du Queyre;"6? 20' 47,935"" E";"44? 48' 15,718"" N";Ecrins;2576;2938;1970;1329.81;60427.6;F4N01083A08;498.578;2732.64000000;41.4633;E;F1A1213;X012;G006345E44805N
Glacier de Chanteloube;"6? 20' 47,938"" E";"44? 47' 54,845"" N";Ecrins;2518;3111;1970;6197.13;404025;F4N01083A07;1065.49;2787.42857143;34.1147;NE;F1A1215;X012;G006347E44799N
Glacier de CharbournÚou;"6? 19' 58,299"" E";"44? 48' 10,580"" N";Ecrins;2296;3220;1970;5636.3;584488;F4N01172F03;1740.38;2751.81200000;32.9731;NW;F1A1216;W210;G006331E44803N
Glacier du Sirac;"6? 19' 6,912"" E";"44? 47' 47,153"" N";Ecrins;2245;3182;1970;10183.3;810740;F4N01172F04;1491.13;2689.58670520;35.2882;N;F1A1217;W210;G006316E44796N
Glacier de la Cime du Coin;"6? 20' 57,920"" E";"44? 52' 29,448"" N";Ecrins;3331;3484;1967;832.977;42163.9;F4N01166D08;291.169;3380.05555556;33.9322;W;F1A1308;W273;G006349E44875N
Glacier Gris;"6? 20' 43,955"" E";"44? 52' 41,660"" N";Ecrins;2946;3203;1967;2198.66;99200.4;F4N01166D07;247.204;3021.68181818;38.4442;W;F1A1309;W273;G006345E44877N
Glacier du Gioberney;"6? 19' 18,264"" E";"44? 51' 36,070"" N";Ecrins;2941;3284;1967;3241.44;229615;F4N01166D12;686.785;3140.42268041;29.4341;E;F1A1310;W273;G006322E44861N
Glacier de la Pilatte;"6? 20' 16,919"" E";"44? 51' 31,173"" N";Ecrins;2243;3528;1967;15706.4;2965130;F4N01166D11;3466.36;2907.41706539;26.1952;N;F1A1311;W273;G006334E44865N
Glacier de Porteras;"6? 14' 54,331"" E";"44? 50' 57,263"" N";Ecrins;2791;3018;1967;1258.66;77905.7;F4N01172C04;468.947;2866.87500000;31.4988;S;F1A1312;W210;G006248E44849N
Glacier de Chalance;"6? 14' 18,816"" E";"44? 51' 1,610"" N";Ecrins;2884;3039;1967;1210.04;65153.7;F4N01172C02;422.429;2945.55172414;28.6932;S;F1A1314;W210;G006238E44850N
Glacier des Souffles;"6? 8' 12,063"" E";"44? 52' 2,968"" N";Ecrins;2419;2758;1967;1460.81;95255.2;F4N01171G01;557.749;2601.69047619;38.5915;NE;F1A1317;W230;G006136E44867N
Glacier Ouest des Sellettes;"6? 12' 12,603"" E";"44? 52' 0,204"" N";Ecrins;2686;3197;1967;7946.88;899782;F4N01166F16;1330.42;2935.94010417;23.4045;E;F1A1363;W273;G006204E44866N
Glacier supÚrieur des Sellettes;"6? 12' 24,024"" E";"44? 51' 35,627"" N";Ecrins;2851;3038;1967;867.19;17616.2;F4N01166F15;114.898;2962.00000000;50.4888;NE;F1A1365;W273;G006206E44859N
Glacier de l'AigliÞre_2;"6? 24' 19,398"" E";"44? 48' 0,723"" N";Ecrins;3104;3170;1970;449.598;14655.2;F4N01083A02;167.506;3148.00000000;28.6352;N;F1A1394;X012;G006404E44803N
Glacier Est des Sellettes_2;"6? 12' 31,866"" E";"44? 51' 29,379"" N";Ecrins;2936;3023;1967;472.007;11556.9;F4N01166F14;184.633;3006.40000000;46.4798;E;F1A1396;W273;G006216E44862N
Glacier Est des Sellettes_3;"6? 12' 37,776"" E";"44? 51' 24,644"" N";Ecrins;2959;3176;1967;667.267;18126.8;F4N01166F14;240.509;3061.50000000;49.3882;N;F1A1397;W273;G006216E44862N
Glacier Nord de la Lavey;"6? 15' 29,934"" E";"44? 52' 56,405"" N";Ecrins;2995;3474;1967;4269.58;371270;F4N01166F08;1008.09;3163.67307692;26.5992;SW;F1A1398;W273;G006252E44875N
Glacier Sud de la Lavey;"6? 15' 5,649"" E";"44? 52' 30,640"" N";Ecrins;2723;3276;1967;3909.18;348153;F4N01166F78;1081.79;2893.32000000;27.7553;NW;F1A1399;W273;
Glacier de l'Aiguille de l'Olan;"6? 12' 25,883"" E";"44? 52' 47,713"" N";Ecrins;2465;2708;1967;1267.48;64823.7;F4N01166F17;339.82;2613.18518519;41.7214;NE;F1A1400;W273;G006206E44880N
Glacier d'Entre Pierroux_1;"6? 11' 37,945"" E";"44? 53' 0,052"" N";Ecrins;2149;3190;1967;9326.17;665031;F4N01166F18;1598.07;2592.91428571;34.9297;N;F1A1402;W273;G006195E44883N
Glacier d'Aiguille Rousse;"6? 11' 4,280"" E";"44? 52' 55,994"" N";Ecrins;2744;3059;1967;3053.36;91492;F4N01166F18;433.004;2939.30000000;40.542;NE;F1A1404;W273;G006195E44883N
Glacier du versant Nord Ouest des Rouies;"6? 14' 53,258"" E";"44? 52' 10,205"" N";Ecrins;2550;3369;1967;4308.92;215045;F4N01166F09;681.933;2899.73118280;36.9326;W;F1A1405;W273;G006251E44868N
Glacier du Fond_1;"6? 14' 28,484"" E";"44? 51' 35,692"" N";Ecrins;2374;3380;1967;9011.49;1059720;F4N01151C03;2517.15;2677.92342342;26.3576;NW;F1A1407;W273;G006733E45291N
Glacier du Lauzon;"6? 15' 16,111"" E";"44? 50' 59,187"" N";Ecrins;2682;3113;1967;2713.19;227374;F4N01172D01;475.284;2880.42268041;32.1935;SE;F1A1408;W210;G006254E44852N
Glacier de la Pyramide;"6? 25' 9,604"" E";"44? 56' 54,230"" N";Ecrins;2960;3253;1967;2779.61;149866;F4N01083B23;626.103;3090.63934426;29.0832;SW;F1A1409;X012;G006418E44949N
Glacier Tuckett_2;"6? 25' 44,232"" E";"44? 56' 55,677"" N";Ecrins;3328;3605;1967;959.066;43587.5;F4N01083B24;339.948;3445.47368421;39.5788;SW;F1A1410;X012;G006428E44950N
Glacier de Clouzis_1;"6? 27' 53,442"" E";"44? 54' 54,107"" N";Ecrins;2827;3192;1967;1682.03;84751.9;F4N01083B29;645.465;3043.83783784;27.0309;E;F1A1411;X012;G006464E44915N
Glacier de SÚguret d'Avant;"6? 27' 48,028"" E";"44? 55' 22,259"" N";Ecrins;2953;3382;1967;2849.93;247641;F4N01083B28;1114.03;3188.90384615;25.4483;SE;F1A1413;X012;G006462E44923N
Glacier du MonÛtier;"6? 26' 41,867"" E";"44? 56' 22,754"" N";Ecrins;2399;3501;1967;18520.9;2346600;F4N01084A02;2117.58;3154.22244692;24.2729;NE;F1A1414;X001;G006439E44949N
Glacier de SÚguret Foran;"6? 27' 33,398"" E";"44? 55' 44,254"" N";Ecrins;2637;3454;1967;8447.83;1063010;F4N01083B26;1942.93;3166.49776786;23.9901;NE;F1A1415;X012;G006457E44928N
Glacier Jean Gauthier_2;"6? 25' 50,259"" E";"44? 56' 40,391"" N";Ecrins;3226;3407;1967;729.193;29638.1;F4N01083B25;247.301;3289.38461538;33.7431;S;F1A1417;X012;G006431E44940N
Glacier de la Grande Montagne;"6? 6' 50,254"" E";"44? 55' 38,864"" N";Ecrins;2636;3277;1967;12512.5;1024000;F4N01166H08;1181.89;2982.46028037;31.0887;E;F1A1419;W273;G006114E44936N
Glacier de la Momie;"6? 24' 15,409"" E";"44? 54' 34,825"" N";Ecrins;2551;3059;1967;2988.66;308331;F4N01083B13;626.142;2756.59230769;28.7433;NE;F1A1448;X012;G006402E44910N
Glacier du Clot de l'Homme Pelvoux Viollettes;"6? 24' 29,429"" E";"44? 53' 57,167"" N";Ecrins;2439;3926;1967;12979.8;1172250;F4N01083B10 + F4N01083B11 + F4N01083B12;2663.67;3368.59760956;32.6862;E;F1A1449;X012;
Glacier de Sialouze;"6? 23' 30,777"" E";"44? 53' 24,501"" N";Ecrins;3056;3813;1967;6655.89;776228;F4N01083B09;1501.18;3376.06461538;28.4829;S;F1A1452;X012;G006391E44890N
Glacier du Rascrouset;"6? 23' 45,500"" E";"44? 51' 30,275"" N";Ecrins;3020;3337;1967;1994.08;150537;F4N01083A18;684.885;3186.17741935;30.3301;E;F1A1453;X012;G006394E44858N
Glacier de Clapouse;"6? 24' 5,690"" E";"44? 51' 37,629"" N";Ecrins;2864;3346;1967;3302.58;181672;F4N01083B02;789.112;3136.30379747;25.6088;E;F1A1454;X012;G006399E44862N
Glacier des Boeufs Rouges;"6? 23' 24,147"" E";"44? 51' 49,048"" N";Ecrins;2634;3394;1967;3996.45;292345;F4N01083B05;1020.63;3087.94166667;38.6466;N;F1A1455;X012;G006389E44864N
Glacier de l'AigliÞre;"6? 24' 21,106"" E";"44? 48' 15,474"" N";Ecrins;2811;3067;1970;2771.01;195844;F4N01083A02;654.213;2950.89655172;22.896;N;F1A1457;X012;G006404E44803N
Glacier de MandarÚ;"6? 23' 57,022"" E";"44? 48' 2,498"" N";Ecrins;2817;3058;1970;1221.97;101558;F4N01083A03;447.615;2981.13636364;32.6648;N;F1A1458;X012;G006398E44801N
Glacier des Neyzets;"6? 24' 41,816"" E";"44? 47' 51,671"" N";Ecrins;2825;3112;1970;2136.61;74902.5;F4N01082C01;674.691;3001.43333333;28.1881;NE;F1A1459;X012;G006409E44797N
Glacier du Grand Armet;"5? 56' 17,056"" E";"44? 59' 19,659"" N";Ecrins;2117;2331;;1384.05;83949.2;NULL;382.022;2239.85714286;29.8301;N;F1A1523;W233;
Glacier du Col d'Ouille Mouta;"7? 3' 44,315"" E";"45? 16' 26,010"" N";Vanoise;3314;3489;1970;1170.48;73976.1;F4N01153C29;467.371;3403.93750000;21.9872;NE;F1A165;W100;G007062E45273N
Glacier du Pas du Chapeau;"7? 0' 2,178"" E";"45? 15' 1,278"" N";Vanoise;3213;3416;1970;1369.58;89534.6;F4N01153D11;346.686;3303.71794872;31.3608;N;F1A167;W100;G007001E45250N
Glacier de Gros Jean;"6? 20' 28,878"" E";"45? 7' 23,719"" N";Thabor Aiguilles d'Arves;2763;3218;1971;2597.35;141522;F4N01154C17;836.737;2951.36666667;33.8503;E;F1A1718;W104;G006340E45124N
Glacier des Aiguilles d'Arves;"6? 20' 31,270"" E";"45? 7' 41,927"" N";Thabor Aiguilles d'Arves;2965;3160;1971;1817.48;103896;F4N01154C18;562.116;3076.00000000;25.5833;E;F1A1719;W104;G006341E45127N
Glacier de la Pointe du Creux;"6? 45' 20,291"" E";"45? 24' 22,626"" N";Vanoise;3062;3132;1970;2112.78;113125;F4N01152C13;249.737;2943.26530612;33.9351;NW;F1A177;W020;G006904E45335N
Glacier du Grand MÚan Sud;"7? 8' 24,558"" E";"45? 21' 13,871"" N";Vanoise;2811;3136;1970;2233.86;202744;F4N01153B20;876.246;2982.13095238;26.0082;NW;F1A178;W100;G007143E45363N
Glacier de Celliers;"6? 22' 4,695"" E";"45? 27' 43,807"" N";Vanoise;2480;2752;;1595.26;101543;;640.686;2616.54545455;30.1578;NE;F1A1754;W030;G006419E44898N
Glacier du Vallon_3;"6? 12' 49,878"" E";"44? 51' 5,939"" N";Ecrins;2811;3065;1967;1881.84;126023;F4N01172B02;351.501;2899.35185185;35.0793;SW;F1A1529;W210;G006201E44854N
Glacier du Sellar_2;"6? 20' 26,566"" E";"44? 49' 54,527"" N";Ecrins;2576;3072;1967;2015.41;66279.3;F4N01083A11;409.373;2843.51724138;43.8412;NE;F1A1530;X012;G006345E44830N
Glacier de la BrÛche du Rateau_4;"6? 17' 15,542"" E";"44? 59' 23,605"" N";Ecrins;2941;3199;1971;1075.87;45751.6;F4N01166C09;423.334;3083.88888889;41.7181;E;F1A1531;W273;G006287E44995N
Glacier de la Temple_2;"6? 21' 14,091"" E";"44? 54' 8,978"" N";Ecrins;3009;3316;1967;2437.26;81187.6;F4N01166D04;566.134;3128.14705882;31.238;W;F1A1532;W273;G006356E44907N
Glacier de la Paroi Ouest des Liches_2;"6? 8' 36,553"" E";"44? 54' 53,958"" N";Ecrins;2723;2986;1967;1649.17;81713.1;F4N01166H05;541.332;2820.26470588;33.9207;W;F1A1534;W273;G006139E44912N
Glacier Nord du Taillefer;"5? 55' 54,048"" E";"45? 2' 26,063"" N";Ecrins;2448;2639;;1062.74;38019.3;F4N01167B02;434.965;2531.33333333;28.424;NW;F1A1535;W274;G005930E45041N
Glacier du Grand Van_4;"5? 56' 11,633"" E";"45? 2' 26,630"" N";Ecrins;2596;2634;;213.103;2649.14;F4N01167B01;75.2142;2590.00000000;40.1156;NW;F1A1538;W274;G005936E45041N
Glacier du Grand Van_3;"5? 56' 13,538"" E";"45? 2' 29,597"" N";Ecrins;2575;2583;;178.889;1627.46;F4N01167B01;70.6546;;40.6157;NW;F1A1539;W274;G005936E45041N
Glacier du Grand Van_1;"5? 56' 11,307"" E";"45? 2' 33,492"" N";Ecrins;2487;2513;;341.336;4948.84;F4N01167B01;138.206;2477.66666667;23.2249;NW;F1A1540;W274;G005936E45041N
Glacier du Grand Van_2;"5? 56' 17,303"" E";"45? 2' 39,311"" N";Ecrins;2464;2559;;676.475;13474.3;F4N01167B01;163.203;2483.66666667;42.4528;W;F1A1541;W274;G005936E45041N
Glacier de la Pyramide;"5? 56' 35,324"" E";"45? 2' 26,364"" N";Ecrins;2531;2730;;1705.53;55398.2;F4N01167A04;487.535;2632.27272727;29.879;NE;F1A1542;W274;G005943E45040N
Glacier de Grain de Chalvet;"5? 56' 30,097"" E";"45? 2' 12,511"" N";Ecrins;2566;2703;;1311.67;36853.3;F4N01167A03;283.832;2646.07142857;36.0289;E;F1A1543;W274;G005940E45037N
Glacier de Combe Noire;"5? 56' 37,615"" E";"45? 2' 0,644"" N";Ecrins;2435;2681;;1506.08;37596.1;F4N01167A02;272.161;2578.50000000;30.3541;NE;F1A1545;W274;G005941E45033N
Glacier de Chauvet_2 ou de la Pointe Chauvet;"6? 50' 42,285"" E";"44? 32' 47,355"" N";Ubaye;2975;3242;1971;1146.51;57848.6;F4N01094A01;457.276;3143.80000000;38.8401;N;F1A1730;X040;G006851E44548N
Glacier de Chauvet_1 ou du Fond de Chauvet;"6? 51' 0,722"" E";"44? 32' 53,130"" N";Ubaye;2884;3184;1971;1769.34;116107;F4N01094A01;1092.33;3038.02083333;29.899;NW;F1A1731;X040;G006851E44548N
Glacier du Grand Pic de la LauziÞre;"6? 22' 20,424"" E";"45? 27' 37,063"" N";Vanoise;2372;2493;;758.293;30867.3;;253.197;2460.92307692;32.9836;E;F1A1755;W030;G006419E44898N
Glacier Ouest de Marinet;"6? 51' 42,917"" E";"44? 33' 0,987"" N";Ubaye;2757;3180;1971;3492.2;253321;F4N01094A02;749.425;2914.50458716;28.1451;N;F1A1733;X040;
Mer de Glace;"6? 56' 8,735"" E";"45? 52' 37,091"" N";Mont Blanc;1468;4200;1967;111518;31849100;F4N01236A01;12182;2908.75448389;19.8887;N;F1A600;V000;G006977E45894N
Glacier de l'Homme;"6? 19' 38,899"" E";"45? 0' 31,898"" N";Ecrins;2646;3862;1971;7838.71;761857;F4N01165D03;2507.9;3292.70125786;32.1641;NE;F1A1550;W270;G006345E45004N
Glacier d'Armande;"6? 20' 43,267"" E";"45? 0' 10,133"" N";Ecrins;2518;3416;1971;3486.79;241413;F4N01165D03;1153.41;2950.98019802;40.4363;N;F1A1551;W270;G006345E45004N
Glacier de Mont de Lans;"6? 13' 8,033"" E";"45? 0' 6,523"" N";Ecrins;2466;3518;1971;21324.5;4148280;F4N01165F03;1911.52;3178.20181922;20.3012;NW;F1A1553;W271;G006226E45003N
Glacier du Mourre la Mine;"6? 12' 33,899"" E";"44? 44' 49,914"" N";Ecrins;2541;2970;1970;2947.56;238480;F4N01173B01;912.021;2764.30693069;32.4329;N;F1A1554;W201;G006210E44747N
Glacier du Petit  ou Glacier d'Assaly;"6? 57' 58,067"" E";"45? 38' 55,334"" N";Vanoise;2666;2818;1970;1270.89;82941.8;F4N01144B06;444.391;2712.31250000;26.2553;NW;F1A180;W001;G006965E45648N
Glacier du Grand_1;"6? 59' 9,287"" E";"45? 38' 27,758"" N";Vanoise;2797;3226;1970;3941.73;595618;F4N01144B08;1220.37;2944.38000000;21.5613;W;F1A181;W001;G006985E45642N
Glacier du Grand_2;"6? 58' 53,359"" E";"45? 38' 15,860"" N";Vanoise;2957;3075;1970;634.441;26330.8;F4N01144B08;233.083;2985.76923077;29.621;NW;F1A183;W001;G006985E45642N
Glacier des TrÚ les Eaux;"6? 51' 48,615"" E";"46? 1' 44,634"" N";Aiguilles Rouges - Ruan;2160;2663;1949;6059.42;593570;F4N01211D2;1177.7;2427.64940239;25.7432;NE;F1A02;V037;
Glacier du Cheval Blanc_1;"6? 52' 1,948"" E";"46? 3' 10,618"" N";Aiguilles Rouges - Ruan;2443;2744;1949;2445.25;152730;F4N01231C04;507.629;2615.16666667;25.9017;NW;F1A04;V010;G006866E46052N
Glacier des Beaux_1;"6? 50' 43,498"" E";"46? 1' 14,550"" N";Aiguilles Rouges - Ruan;2763;2872;1949;822.205;31955.2;F4N01231D01;268.074;2804.57142857;23.5093;W;F1A08;V011;G006847E46024N
Glacier du Buet;"6? 50' 54,756"" E";"46? 1' 25,746"" N";Aiguilles Rouges - Ruan;2887;3022;1949;1201.16;95535.1;F4N01231D01;353.464;2937.76923077;22.8642;W;F1A56;V011;G006847E46024N
Glacier du Ruan;"6? 53' 24,135"" E";"46? 7' 8,183"" N";Aiguilles Rouges - Ruan;2297;2862;1971;5423.96;755886;F4N01231C02;1873.28;2561.75076923;21.284;SW;F1A68;V010;G006889E46119N
Glacier du Prazon;"6? 53' 9,204"" E";"46? 6' 15,193"" N";Aiguilles Rouges - Ruan;2397;2929;1971;11016.1;1235770;F4N01231C02;877.831;2680.11068702;26.2564;NW;F1A80;V010;G006889E46119N
Glacier Nord de la Cochette;"6? 9' 14,120"" E";"45? 10' 33,424"" N";Grandes Rousses;2794;2969;1970;1501.91;76284.9;F4N01162B04;292.174;2835.90625000;33.5833;NW;F1A1669;W275;G006149E45171N
Glacier de C¶te Blanc;"6? 9' 29,539"" E";"45? 10' 23,525"" N";Grandes Rousses;2796;3198;1971;3861.3;277429;F4N01162B01;1218.79;3011.87179487;19.6667;NE;F1A1670;W275;G006157E45173N
Glacier de la Cochette;"6? 9' 1,163"" E";"45? 10' 15,272"" N";Grandes Rousses;2721;3207;1971;3561.79;194731;F4N01162B04;646.447;2929.46987952;36.879;NW;F1A1672;W275;G006149E45171N
Glacier Nord de La Barbarate;"6? 8' 31,668"" E";"45? 9' 36,705"" N";Grandes Rousses;2697;3353;1971;3807.15;608270;F4N01162B06;1114.56;2978.94921875;25.3404;NW;F1A1673;W275;G006141E45161N
Glacier Sud de La Barbarate;"6? 8' 16,739"" E";"45? 9' 13,378"" N";Grandes Rousses;2925;3255;1971;2470.04;172449;F4N01162B07;479.642;3046.11111111;32.154;W;F1A1674;W275;G006137E45153N
Glacier des Rousses;"6? 7' 38,534"" E";"45? 8' 13,302"" N";Grandes Rousses;2777;3432;1971;15213;2099920;F4N01162B08;1074.51;2972.10244989;25.7309;W;F1A1675;W275;G006129E45141N
Glacier de Saint Sorlin;"6? 9' 41,068"" E";"45? 9' 40,026"" N";Grandes Rousses;2634;3427;1971;15627.5;3544970;F4N01162B09 + F4N01154D03;2931.63;2922.98462567;17.8825;NE;F1A1676;W105;
Glacier des Quirlies;"6? 8' 53,239"" E";"45? 8' 41,751"" N";Grandes Rousses;2574;3427;1971;10287.2;1489960;F4N01163C06;2305.02;2987.30393701;22.9832;E;F1A1677;W272;G006149E45143N
Glacier des Malatres;"6? 8' 55,039"" E";"45? 8' 10,995"" N";Grandes Rousses;2575;3309;1971;9311.65;1334160;F4N01163C06;2183.69;2940.95221239;22.6445;E;F1A1678;W272;G006149E45143N
Glacier du grand Sablat;"6? 8' 7,056"" E";"45? 7' 46,428"" N";Grandes Rousses;2614;3422;1971;8827.02;960304;F4N01163C05;2116.44;3073.86138614;24.9538;SE;F1A1679;W272;G006132E45128N
Glacier de Sarenne;"6? 7' 47,310"" E";"45? 7' 2,770"" N";Grandes Rousses;2818;3289;1971;10592.7;1052570;F4N01163A02;1956.86;3014.42630385;19.7848;S;F1A1680;W274;G006129E45117N
Glacier Ouest du Rocher Blanc;"6? 6' 22,477"" E";"45? 14' 40,613"" N";Belledonne;2544;2797;;1782.32;102545;;523.652;2650.48837209;28.7428;NW;F1A1612;W120;G006419E44898N
Glacier de l'Amiante;"6? 6' 22,174"" E";"45? 14' 20,153"" N";Belledonne;2630;2796;;957.361;34181.3;;393.461;2709.21428571;27.2767;NW;F1A1613;W120;G006419E44898N
Glacier du Rocher Blanc;"6? 6' 59,260"" E";"45? 14' 41,109"" N";Belledonne;2433;2840;1970;5507.18;408565;;1216.21;2698.67647059;21.363;NE;F1A1614;W120;G006419E44898N
Glacier de la Combe Madame;"6? 7' 37,914"" E";"45? 14' 54,926"" N";Belledonne;2217;2674;1970;4454.01;225530;;1208.52;2468.35416667;27.762;N;F1A1615;W120;G006419E44898N
Glacier de la Grande Valloire;"6? 8' 13,264"" E";"45? 16' 48,652"" N";Belledonne;2422;2726;1970;3765.55;181945;F4N01154E04;905.493;2585.63513514;26.0844;E;F1A1618;W106;
Glacier du Bec d'Arguille_1;"6? 8' 17,924"" E";"45? 16' 23,151"" N";Belledonne;2355;2588;1970;1871.79;116859;F4N01154E03;552.419;2458.53061224;28.4129;NE;F1A1619;W106;
Glacier de l'Aup;"6? 11' 56,006"" E";"44? 44' 44,780"" N";Ecrins;1929;3046;1970;9852.32;621728;F4N01172H04;1258.9;2632.70114943;31.5532;NW;F1A1557;W210;G006197E44744N
Glacier de Crupillouse;"6? 13' 56,266"" E";"44? 46' 20,011"" N";Ecrins;2465;2924;1970;2942.44;206000;F4N01172H03;917.168;2690.54545455;33.7948;NW;F1A1558;W210;G006231E44772N
Glacier Plat;"6? 14' 14,329"" E";"44? 46' 29,929"" N";Ecrins;2774;3027;1970;1490.62;90992.2;F4N01172H02;636.355;2918.75000000;29.9556;NW;F1A1559;W210;G006237E44775N
Glacier de PariÞres_1;"6? 14' 29,307"" E";"44? 46' 57,027"" N";Ecrins;2583;2943;1970;3582.69;147859;F4N01172H01;524.044;2771.81818182;38.9141;NW;F1A1560;W210;G006242E44782N
Glacier Ouest de la Haute Pisse;"6? 6' 59,105"" E";"44? 54' 18,834"" N";Ecrins;2753;2983;;1271.67;77505.6;F4N01171D01;397.376;2852.94117647;36.2706;SE;F1A1567;W230;G006115E44905N
Glacier de Coin Charnier;"6? 6' 35,937"" E";"44? 54' 33,179"" N";Ecrins;2570;3229;;2492.31;95835.2;F4N01171B02;791.912;2813.20000000;44.1267;W;F1A1573;W231;G006110E44916N
Glacier Courbe;"6? 6' 34,016"" E";"44? 54' 57,359"" N";Ecrins;2763;3181;;2866.3;173523;F4N01171B02;534.971;3026.58108108;32.0612;W;F1A1576;W231;G006110E44916N
Glacier du Vallon de LanchÔtra;"6? 7' 0,477"" E";"44? 55' 5,414"" N";Ecrins;2724;2995;;1369.28;86784.4;F4N0166H07;542.918;2854.00000000;34.7424;E;F1A1581;W273;
Glacier du vallon de LanchÔtra_1;"6? 7' 12,821"" E";"44? 54' 49,556"" N";Ecrins;2320;3021;1967;4409.6;531509;F4N01166H06;1123.77;2769.96916300;27.2579;NE;F1A1582;W273;G006120E44915N
Glacier Sud de la Muzelle;"6? 6' 12,508"" E";"44? 55' 34,996"" N";Ecrins;2688;3190;;1985.01;108455;F4N01171B02;741.83;2922.32653061;39.431;SW;F1A1585;W231;G006110E44916N
Glacier des Pisses_2;"6? 4' 5,417"" E";"44? 56' 23,143"" N";Ecrins;2410;2633;;938.725;50708.9;F4N01166J02;340.762;2485.66666667;36.846;N;F1A1589;W273;G006072E44940N
Glacier des Pisses_1;"6? 4' 20,485"" E";"44? 56' 24,364"" N";Ecrins;2466;2802;;2070.75;126613;F4N01166J02;519.165;2579.09259259;35.7192;NW;F1A1590;W273;G006072E44940N
Glacier du Clapier du Peyron;"6? 4' 51,060"" E";"44? 56' 22,445"" N";Ecrins;2565;2844;;2560.36;129616;F4N01166I05;576.086;2701.61818182;31.1678;NE;F1A1591;W273;G006080E44941N
Glacier InfÚrieur Ouest de la Muzelle;"6? 6' 3,159"" E";"44? 56' 9,694"" N";Ecrins;2507;3031;;3197.4;172892;F4N01166I02;816.486;2685.29166667;36.7842;NW;F1A1592;W273;G006101E44936N
Glacier de la Muzelle;"6? 6' 36,719"" E";"44? 56' 19,719"" N";Ecrins;2526;3350;;6490.45;538158;F4N01166I01;1564.48;2890.67256637;34.6463;N;F1A1593;W273;G006109E44936N
Glacier du Peyron;"6? 4' 47,615"" E";"44? 56' 57,839"" N";Ecrins;2662;2928;;1994.9;83322.3;F4N01166I06;394.713;2762.82857143;38.0709;N;F1A1594;W273;G006079E44949N
Glacier Rampant ou Ouest de Villard Notre Dame;"6? 1' 44,915"" E";"44? 59' 1,624"" N";Ecrins;2557;2878;;1381.98;90299.1;F4N01166K02;562.872;2703.31578947;38.0999;N;F1A1595;W273;G006028E44984N
Glacier du Rochail ou de Villard Notre Dame;"6? 2' 10,998"" E";"44? 59' 2,409"" N";Ecrins;2596;2909;;3950.29;212636;F4N01166K01;632.722;2744.34444444;29.6726;N;F1A1596;W273;G006033E44983N
Glacier de Freydane;"5? 59' 5,934"" E";"45? 10' 15,130"" N";Belledonne;2443;2686;;3121.47;355211;;607.577;2548.49006623;24.0134;N;F1A1621;W140;G006419E44898N
Glacier de la Sitre;"5? 57' 22,279"" E";"45? 10' 22,853"" N";Belledonne;2477;2622;;1198.37;76889.7;;243.867;2529.50000000;29.8887;NW;F1A1622;W140;G006419E44898N
Glacier de Clarant;"6? 9' 31,651"" E";"45? 18' 26,914"" N";Belledonne;2312;2777;1970;4381.39;193825;F4N01154E07;493.898;2461.35000000;28.8047;NE;F1A1623;W106;G006158E45307N
Glacier du Gleyzin;"6? 8' 49,339"" E";"45? 18' 10,292"" N";Belledonne;2437;2809;1970;4014.44;269479;;536.205;2568.65486726;26.3078;N;F1A1624;W120;G006419E44898N
Glacier de l'ArgentiÞre;"6? 8' 7,537"" E";"45? 14' 50,776"" N";Belledonne;2440;2854;1970;3899.5;297897;F4N01154E02;669.923;2635.19685039;27.378;N;F1A1626;W106;
Glacier d'Arguille;"6? 7' 33,101"" E";"45? 16' 52,039"" N";Belledonne;2341;2731;1970;2653.76;157816;;818.031;2478.18571429;29.5382;NW;F1A1628;W120;G006419E44898N
Glacier du Puy Gris ou de Comberousse;"6? 9' 15,016"" E";"45? 17' 47,954"" N";Belledonne;2235;2771;1970;5512.7;358878;F4N01154E06;1028.27;2497.79470199;28.5819;NE;F1A1630;W106;G006152E45297N
Glacier du Folly;"6? 48' 37,510"" E";"46? 6' 7,330"" N";Aiguilles Rouges - Ruan;2312;2609;;2140.9;136491;F4N01231C01;969.173;2479.18965517;29.8275;NW;F1A92;V012;G006822E46105N
Le Grand NÚvÚ;"6? 49' 21,054"" E";"46? 6' 19,903"" N";Aiguilles Rouges - Ruan;2327;2497;;2187.85;204064;F4N01231C01;501.483;2402.20689655;21.9372;N;F1A104;V010;G006822E46105N
Glacier des Roches Blanches_2;"6? 59' 0,434"" E";"45? 21' 32,325"" N";Vanoise;3069;3132;1970;1219.88;46396.6;F4N01152C03;352.407;3106.68181818;17.0876;E;F1A216;W100;G006979E45363N
Glacier de Bezin;"7? 0' 45,512"" E";"45? 23' 2,391"" N";Vanoise;2811;2983;1970;3063.73;183513;F4N01153A09;678.205;2892.64556962;18.1314;NE;F1A217;W100;G007009E45383N
Glacier de Pisselerand;"6? 53' 44,716"" E";"45? 19' 39,310"" N";Vanoise;3219;3392;1970;1685.63;109722;F4N01153A01;430.33;3325.31914894;21.8801;SE;F1A222;W101;G006894E45327N
Glacier des BroÞs_2;"6? 54' 38,618"" E";"45? 20' 34,135"" N";Vanoise;3247;3380;1970;572.688;21068.9;F4N01152C15;173.535;3298.00000000;42.2881;N;F1A225;W101;G006910E45346N
Glacier de Levanna;"7? 9' 20,935"" E";"45? 24' 47,472"" N";Vanoise;3116;3338;1970;1265.51;59257.9;F4N01153B12;568.415;3229.04166667;34.1177;SW;F1A250;W100;G007155E45413N
Glacier des Sources de l'IsÞre_2;"7? 5' 17,479"" E";"45? 26' 4,286"" N";Vanoise;3155;3271;1970;627.32;19084.3;F4N01144E22;267.559;3188.14285714;37.6746;NE;F1A254;W000;G007101E45442N
Glacier de Geay;"6? 51' 3,736"" E";"45? 31' 48,738"" N";Vanoise;2675;3759;1970;8927.33;832681;F4N01145015;1755.62;3166.06798867;31.303;W;F1A273;W010;G006850E45532N
Glacier Lamartine;"5? 59' 28,012"" E";"45? 10' 34,257"" N";Belledonne;2540;2680;;715.294;27176.4;;306.037;2632.18181818;29.0013;NE;F1A1634;W275;G006419E44898N
Glacier de Balmette;"5? 59' 37,254"" E";"45? 10' 24,159"" N";Belledonne;2499;2684;;983.733;46117.8;;406.99;2591.90476190;36.174;NE;F1A1635;W275;G006419E44898N
Glacier de l'Invernet;"6? 59' 19,881"" E";"45? 37' 58,574"" N";Vanoise;2529;3389;1970;16506.3;1574660;F4N01144B11;2427.48;2923.06886228;25.6421;W;F1A286;W001;G006986E45634N
Glacier Ouest du Gleyzin_1;"6? 8' 10,616"" E";"45? 18' 12,157"" N";Belledonne;2252;2743;1970;7121.29;289096;;645.303;2432.82500000;30.0749;N;F1A1640;W120;G006419E44898N
Glacier Ouest du Gleyzin_2;"6? 7' 48,709"" E";"45? 18' 2,633"" N";Belledonne;2574;2640;1970;368.119;6768.44;;129.186;2606.33333333;27.6022;NW;F1A1641;W120;G006419E44898N
Glacier de Bonmartin;"6? 37' 2,895"" E";"45? 14' 34,619"" N";Vanoise;2997;3209;1970;3071.59;297561;F4N01151B02;571.424;3081.95238095;21.6736;E;F1A363;W103;G006616E45243N
Glacier de la Floria;"6? 51' 46,532"" E";"45? 58' 30,326"" N";Aiguilles Rouges - Ruan;2328;2776;;2427.33;178240;F4N01232A01;768.127;2572.13513514;33.4492;NW;F1A188;V001;G006871E45984N
Glacier des Dards;"6? 52' 22,892"" E";"45? 59' 3,676"" N";Aiguilles Rouges - Ruan;2665;2738;1949;1214.44;45454.9;F4N01232A01;128.509;2688.05555556;25.5316;W;F1A248;V001;G006871E45984N
Glacier du BelvedÞre;"6? 52' 38,778"" E";"45? 59' 7,351"" N";Aiguilles Rouges - Ruan;2561;2805;1949;2750.89;194593;F4N01233B02;595.889;2687.69512195;27.5003;E;F1A260;V000;G006877E45985N
Glacier du Mort;"6? 51' 56,747"" E";"45? 59' 24,436"" N";Aiguilles Rouges - Ruan;2394;2803;1949;2560.31;92627.3;F4N01211C01;646.03;2650.78947368;36.1519;N;F1A272;V037;G006865E45990N
Glacier de BÚrard;"6? 52' 18,786"" E";"45? 59' 31,999"" N";Aiguilles Rouges - Ruan;2268;2735;1949;2948.3;210940;F4N01211C01;845.14;2513.98924731;35.4598;N;F1A284;V037;G006865E45990N
Glacier d'Anneuley;"6? 52' 46,860"" E";"45? 59' 38,159"" N";Aiguilles Rouges - Ruan;2349;2749;1949;2660.69;207999;F4N01211B01;630.276;2534.75824176;34.1554;N;F1A296;V037;G006880E45993N
Glacier de Beugeant;"6? 53' 19,839"" E";"45? 59' 45,751"" N";Aiguilles Rouges - Ruan;2441;2805;1949;3415.76;274860;F4N01211A01;770.348;2628.08771930;30.8115;N;F1A308;V037;G006887E45995N
Glacier de la Pointe de Bonneval_2;"7? 7' 54,004"" E";"45? 21' 2,828"" N";Vanoise;2862;2976;1970;758.746;28324.5;F4N01153B23;274.886;2888.92307692;28.934;NW;F1A201;W100;G007127E45347N
Glacier de TrÚ la TÛte;"6? 47' 15,027"" E";"45? 47' 31,705"" N";Mont Blanc;2024;3867;1967;41992.1;9324520;F4N01239D01;7036.98;2952.53763722;23.3066;W;F1A604;V002;G006784E45784N
Glacier de la BÚrangÞre;"6? 46' 38,882"" E";"45? 47' 54,885"" N";Mont Blanc;3044;3397;1939;3260.31;215861;F4N01239D03;852.433;3170.84946237;25.1088;SW;F1A605;V002;G006776E45799N
Glacier du Col des Miages_2;"6? 47' 31,278"" E";"45? 49' 2,699"" N";Mont Blanc;2639;3529;1949;2954.69;289197;F4N01239B04;903.546;3162.64705882;44.3708;NW;F1A607;V002;G006799E45819N
Glacier d'Envers de BlaitiÞre_2;"6? 55' 27,501"" E";"45? 53' 53,931"" N";Mont Blanc;2546;2786;1939;994.875;59640.3;F4N01237B03;308.235;2656.39130435;41.348;E;F1A623;V000;G006901E45901N
Glacier du Folly;"6? 48' 45,367"" E";"46? 6' 13,203"" N";Aiguilles Rouges - Ruan;2427;2506;;610.123;17751;F4N01231C01;210.828;2469.50000000;28.9028;NW;F1A494;V012;G006822E46105N
Glacier de l'Aiguille du Tacul;"6? 57' 38,639"" E";"45? 53' 13,250"" N";Mont Blanc;2965;3331;similaire Ó 1967;1666.28;113533;F4N01236A12;429.416;3172.41304348;43.3436;NW;F1A554;V000;G006960E45887N
Glacier du Fou;"6? 54' 34,847"" E";"45? 53' 49,272"" N";Mont Blanc;2898;3198;1939;833.903;27767.2;F4N01237B01;216.86;3104.08333333;57.4851;NW;F1A555;V000;G006909E45897N
Glacier de l'ArrÛte de Midi Plan;"6? 53' 37,489"" E";"45? 52' 56,336"" N";Mont Blanc;3020;3780;similaire Ó 1967;6802.74;379067;F4N01237C02;513.222;3459.63414634;47.9929;N;F1A556;V000;G006888E45882N
Glacier de la Pyramide Chaplan;"6? 45' 19,524"" E";"45? 46' 14,499"" N";Mont Blanc;2803;3024;1949;1415.4;72662.4;F4N01239D05;402.515;2953.06451613;35.6168;NW;F1A557;V002;G006755E45771N
Glacier Long;"6? 20' 53,740"" E";"44? 53' 5,768"" N";Ecrins;2782;3496;1967;1811.91;86204.3;F4N01166D06;789.501;3120.05405405;44.9056;N;F1A1602;W273;G006348E44885N
Glacier de l'ArgentiÞre;"6? 58' 28,624"" E";"45? 35' 0,953"" N";Vanoise;2853;3088;1970;2961.5;367485;F4N01144B24;762.71;2947.33986928;17.1876;SW;F1A399;W001;G006974E45585N
Glacier d'Archeboc;"6? 59' 1,773"" E";"45? 34' 50,271"" N";Vanoise;3118;3241;1970;1675.64;113800;F4N01144B26;403.426;3188.31250000;16.6824;SW;F1A400;W001;G006985E45580N
Glacier du D¶me de ChasseforÛt;"6? 46' 13,905"" E";"45? 19' 59,394"" N";Vanoise;2719;3580;1970;14742.3;1622120;F4N01152A09;1228.41;3149.93274854;24.3179;E;F1A199;W101;G006766E45335N
Glacier de la Plate des Agneaux;"6? 21' 15,161"" E";"44? 57' 13,183"" N";Ecrins;2193;3309;1967;19892.3;3023800;F4N01165B04;4391.76;2619.97975078;25.6031;N;F1A975;W270;G006350E44954N
Glacier des PrÚs des Fonts;"6? 27' 35,886"" E";"44? 57' 20,909"" N";Ecrins;2680;3067;1967;340.111;7608.56;F4N01084A03;863.313;2710.66666667;27.2551;NE;F1A1095;X001;G006455E44957N
Glacier des PrÚs des Fonts;"6? 27' 28,302"" E";"44? 57' 22,531"" N";Ecrins;2680;3067;1967;342.504;8337.42;F4N01084A03;863.313;2755.75000000;27.2551;NE;F1A1095;X001;G006455E44957N
Glacier Jean Gauthier_1;"6? 25' 55,538"" E";"44? 56' 25,701"" N";Ecrins;2873;3183;1967;1082.33;51103.5;F4N01083B25;401.345;3105.04347826;30.7388;W;F1A1418;X012;G006431E44940N
Glacier du Bourcet;"6? 19' 17,789"" E";"44? 57' 32,690"" N";Ecrins;3190;3466;1967;1138.76;72136.4;F4N01166C21;422.033;3283.51612903;34.9293;SW;F1A978;W273;G006321E44959N
Glacier de la Casse dÚserte;"6? 19' 45,066"" E";"44? 57' 43,281"" N";Ecrins;3008;3452;1967;675.974;19704.2;F4N01165B09;966.266;3334.28571429;29.4193;SE;F1A1145;W270;
Glacier de la Casse dÚserte;"6? 19' 37,638"" E";"44? 57' 34,149"" N";Ecrins;3008;3452;1967;1951.57;103020;F4N01165B09;966.266;3258.36585366;29.4193;SE;F1A1145;W270;
Glacier de la Somme_2;"6? 19' 42,391"" E";"44? 56' 43,063"" N";Ecrins;3148;3173;1967;197.209;2121.6;F4N01166C23;80.4034;3148.00000000;39.6954;W;F1A1042;W273;G006327E44945N
Glacier de la BrÛche du Relpat;"6? 17' 14,837"" E";"44? 59' 13,708"" N";Ecrins;2835;3263;1971;2513.91;96931.3;F4N01166C08;612.993;3113.38888889;37.9568;E;F1A984;W273;G006285E44987N
Glacier des Etanþons_1;"6? 17' 16,984"" E";"44? 59' 52,189"" N";Ecrins;2770;3602;1971;1030.14;38659;F4N01166C12;475.05;3519.25000000;40.8653;SE;F1A1777;W273;G006293E44998N
Glacier de la GandoliÞre_1;"6? 16' 40,026"" E";"44? 58' 22,813"" N";Ecrins;3033;3213;1967;871.978;33101.6;F4N01166C05;358.904;3150.88235294;42.9145;NE;F1A1768;W273;G006278E44975N
Glacier du Plaret;"6? 15' 57,351"" E";"44? 58' 10,013"" N";Ecrins;2801;3396;1967;2605.06;177674;F4N01166C03;794.387;3216.23611111;28.1021;E;F1A934;W273;G006266E44965N
Glacier Ouest de la TÛte du Rouget;"6? 15' 32,698"" E";"44? 57' 17,578"" N";Ecrins;2951;3084;1967;621.888;21775.1;F4N01166B10;198.845;2981.25000000;32.5557;W;F1A924;W273;G006257E44954N
